{
  "name": "",
  "version": "1.0.0",
  "requires": [
    "w320dp",
    "spatial-tracking"
  ],
  "experiences": [
    {
      "vumark": "",
      "experienceType": "none",
      "id": 1,
      "index-keys": [],
      "title": {
        "en": "Metadata200"
      },
      "description": {
        "en": "",
        "en-US": ""
      },
      "requires": [
        "AR-tracking"
      ],
      "tags": [],
      "icon": "",
      "viewName": "Home",
      "url-template": "index.html?expId=1",
      "entryPoint": "index.html?expId=1",
      "thumbnail": "",
      "thingTemplateName": ""
    }
  ],
  "accessType": "public",
  "designedfor": [],
  "widgetsUsage": [
    {
      "timeStamp": 1604605652575,
      "usage": {
        "twx-view": 1,
        "twx-dt-view": 1,
        "twx-dt-target-spatial": 1,
        "twx-dt-model": 1,
        "twx-dt-label": 1,
        "twx-tml-text": 2,
        "twx-overlay": 1,
        "twx-overlay-container": 5,
        "twx-overlay-body": 1
      }
    },
    {
      "timeStamp": 1604605660599,
      "usage": {
        "twx-view": 1,
        "twx-dt-view": 1,
        "twx-dt-target-spatial": 1,
        "twx-dt-model": 1,
        "twx-dt-label": 1,
        "twx-tml-text": 2,
        "twx-overlay": 1,
        "twx-overlay-container": 5,
        "twx-overlay-body": 1
      }
    },
    {
      "timeStamp": 1604606207974,
      "usage": {
        "twx-view": 1,
        "twx-dt-view": 1,
        "twx-dt-target-spatial": 1,
        "twx-dt-model": 1,
        "twx-dt-label": 1,
        "twx-tml-text": 2,
        "twx-overlay": 1,
        "twx-overlay-container": 5,
        "twx-overlay-body": 1
      }
    },
    {
      "timeStamp": 1604606217216,
      "usage": {
        "twx-view": 1,
        "twx-dt-view": 1,
        "twx-dt-target-spatial": 1,
        "twx-dt-model": 1,
        "twx-dt-label": 1,
        "twx-tml-text": 2,
        "twx-overlay": 1,
        "twx-overlay-container": 5,
        "twx-overlay-body": 1
      }
    },
    {
      "timeStamp": 1604606255403,
      "usage": {
        "twx-view": 1,
        "twx-dt-view": 1,
        "twx-dt-target-spatial": 1,
        "twx-dt-model": 1,
        "twx-dt-label": 1,
        "twx-tml-text": 2,
        "twx-overlay": 1,
        "twx-overlay-container": 5,
        "twx-overlay-body": 1
      }
    },
    {
      "timeStamp": 1604606621926,
      "usage": {
        "twx-view": 1,
        "twx-dt-view": 1,
        "twx-dt-target-spatial": 1,
        "twx-dt-model": 1,
        "twx-dt-label": 1,
        "twx-tml-text": 2,
        "twx-overlay": 1,
        "twx-overlay-container": 5,
        "twx-overlay-body": 1
      }
    },
    {
      "timeStamp": 1604606686387,
      "usage": {
        "twx-view": 1,
        "twx-dt-view": 1,
        "twx-dt-target-spatial": 1,
        "twx-dt-model": 1,
        "twx-dt-label": 1,
        "twx-tml-text": 2,
        "twx-overlay": 1,
        "twx-overlay-container": 5,
        "twx-overlay-body": 1
      }
    },
    {
      "timeStamp": 1604607284499,
      "usage": {
        "twx-view": 1,
        "twx-dt-view": 1,
        "twx-dt-target-spatial": 1,
        "twx-dt-model": 1,
        "twx-dt-label": 1,
        "twx-tml-text": 2,
        "twx-overlay": 1,
        "twx-overlay-container": 5,
        "twx-overlay-body": 1
      }
    },
    {
      "timeStamp": 1604607286491,
      "usage": {
        "twx-view": 1,
        "twx-dt-view": 1,
        "twx-dt-target-spatial": 1,
        "twx-dt-model": 1,
        "twx-dt-label": 1,
        "twx-tml-text": 2,
        "twx-overlay": 1,
        "twx-overlay-container": 5,
        "twx-overlay-body": 1
      }
    },
    {
      "timeStamp": 1604607830780,
      "usage": {
        "twx-view": 1,
        "twx-dt-view": 1,
        "twx-dt-target-spatial": 1,
        "twx-dt-model": 1,
        "twx-dt-label": 1,
        "twx-tml-text": 2,
        "twx-overlay": 1,
        "twx-overlay-container": 5,
        "twx-overlay-body": 1
      }
    },
    {
      "timeStamp": 1604607858846,
      "usage": {
        "twx-view": 1,
        "twx-dt-view": 1,
        "twx-dt-target-spatial": 1,
        "twx-dt-model": 1,
        "twx-dt-label": 1,
        "twx-tml-text": 2,
        "twx-overlay": 1,
        "twx-overlay-container": 5,
        "twx-overlay-body": 1
      }
    },
    {
      "timeStamp": 1604607861610,
      "usage": {
        "twx-view": 1,
        "twx-dt-view": 1,
        "twx-dt-target-spatial": 1,
        "twx-dt-model": 1,
        "twx-dt-label": 1,
        "twx-tml-text": 2,
        "twx-overlay": 1,
        "twx-overlay-container": 5,
        "twx-overlay-body": 1
      }
    },
    {
      "timeStamp": 1604607905754,
      "usage": {
        "twx-view": 1,
        "twx-dt-view": 1,
        "twx-dt-target-spatial": 1,
        "twx-dt-model": 1,
        "twx-dt-label": 1,
        "twx-tml-text": 2,
        "twx-overlay": 1,
        "twx-overlay-container": 5,
        "twx-overlay-body": 1
      }
    },
    {
      "timeStamp": 1604608066657,
      "usage": {
        "twx-view": 1,
        "twx-dt-view": 1,
        "twx-dt-target-spatial": 1,
        "twx-dt-model": 1,
        "twx-dt-label": 1,
        "twx-tml-text": 2,
        "twx-overlay": 1,
        "twx-overlay-container": 5,
        "twx-overlay-body": 1
      }
    },
    {
      "timeStamp": 1604608076295,
      "usage": {
        "twx-view": 1,
        "twx-dt-view": 1,
        "twx-dt-target-spatial": 1,
        "twx-dt-model": 1,
        "twx-dt-label": 1,
        "twx-tml-text": 2,
        "twx-overlay": 1,
        "twx-overlay-container": 5,
        "twx-overlay-body": 1
      }
    },
    {
      "timeStamp": 1604608093532,
      "usage": {
        "twx-view": 1,
        "twx-dt-view": 1,
        "twx-dt-target-spatial": 1,
        "twx-dt-model": 1,
        "twx-dt-label": 1,
        "twx-tml-text": 2,
        "twx-overlay": 1,
        "twx-overlay-container": 5,
        "twx-overlay-body": 1
      }
    },
    {
      "timeStamp": 1604608141657,
      "usage": {
        "twx-view": 1,
        "twx-dt-view": 1,
        "twx-dt-target-spatial": 1,
        "twx-dt-model": 1,
        "twx-dt-label": 1,
        "twx-tml-text": 2,
        "twx-overlay": 1,
        "twx-overlay-container": 5,
        "twx-overlay-body": 1
      }
    },
    {
      "timeStamp": 1604608146004,
      "usage": {
        "twx-view": 1,
        "twx-dt-view": 1,
        "twx-dt-target-spatial": 1,
        "twx-dt-model": 1,
        "twx-dt-label": 1,
        "twx-tml-text": 2,
        "twx-overlay": 1,
        "twx-overlay-container": 5,
        "twx-overlay-body": 1
      }
    },
    {
      "timeStamp": 1604608166744,
      "usage": {
        "twx-view": 1,
        "twx-dt-view": 1,
        "twx-dt-target-spatial": 1,
        "twx-dt-model": 1,
        "twx-dt-label": 1,
        "twx-tml-text": 2,
        "twx-overlay": 1,
        "twx-overlay-container": 5,
        "twx-overlay-body": 1
      }
    },
    {
      "timeStamp": 1604608707065,
      "usage": {
        "twx-view": 1,
        "twx-dt-view": 1,
        "twx-dt-target-spatial": 1,
        "twx-dt-model": 1,
        "twx-dt-label": 1,
        "twx-tml-text": 2,
        "twx-overlay": 1,
        "twx-overlay-container": 5,
        "twx-overlay-body": 1
      }
    },
    {
      "timeStamp": 1604608708550,
      "usage": {
        "twx-view": 1,
        "twx-dt-view": 1,
        "twx-dt-target-spatial": 1,
        "twx-dt-model": 1,
        "twx-dt-label": 1,
        "twx-tml-text": 2,
        "twx-overlay": 1,
        "twx-overlay-container": 5,
        "twx-overlay-body": 1
      }
    },
    {
      "timeStamp": 1604608726749,
      "usage": {
        "twx-view": 1,
        "twx-dt-view": 1,
        "twx-dt-target-spatial": 1,
        "twx-dt-model": 1,
        "twx-dt-label": 1,
        "twx-tml-text": 2,
        "twx-overlay": 1,
        "twx-overlay-container": 5,
        "twx-overlay-body": 1
      }
    },
    {
      "timeStamp": 1604608745514,
      "usage": {
        "twx-view": 1,
        "twx-dt-view": 1,
        "twx-dt-target-spatial": 1,
        "twx-dt-model": 1,
        "twx-dt-label": 1,
        "twx-tml-text": 2,
        "twx-overlay": 1,
        "twx-overlay-container": 5,
        "twx-overlay-body": 1
      }
    },
    {
      "timeStamp": 1604608748534,
      "usage": {
        "twx-view": 1,
        "twx-dt-view": 1,
        "twx-dt-target-spatial": 1,
        "twx-dt-model": 1,
        "twx-dt-label": 1,
        "twx-tml-text": 2,
        "twx-overlay": 1,
        "twx-overlay-container": 5,
        "twx-overlay-body": 1
      }
    },
    {
      "timeStamp": 1604608879359,
      "usage": {
        "twx-view": 1,
        "twx-dt-view": 1,
        "twx-dt-target-spatial": 1,
        "twx-dt-model": 1,
        "twx-dt-label": 1,
        "twx-tml-text": 2,
        "twx-overlay": 1,
        "twx-overlay-container": 5,
        "twx-overlay-body": 1
      }
    },
    {
      "timeStamp": 1604609032834,
      "usage": {
        "twx-view": 1,
        "twx-dt-view": 1,
        "twx-dt-target-spatial": 1,
        "twx-dt-model": 1,
        "twx-dt-label": 1,
        "twx-tml-text": 2,
        "twx-overlay": 1,
        "twx-overlay-container": 5,
        "twx-overlay-body": 1
      }
    },
    {
      "timeStamp": 1604609085090,
      "usage": {
        "twx-view": 1,
        "twx-dt-view": 1,
        "twx-dt-target-spatial": 1,
        "twx-dt-model": 1,
        "twx-dt-label": 1,
        "twx-tml-text": 2,
        "twx-overlay": 1,
        "twx-overlay-container": 5,
        "twx-overlay-body": 1
      }
    },
    {
      "timeStamp": 1604609380708,
      "usage": {
        "twx-view": 1,
        "twx-dt-view": 1,
        "twx-dt-target-spatial": 1,
        "twx-dt-model": 1,
        "twx-dt-label": 1,
        "twx-tml-text": 2,
        "twx-overlay": 1,
        "twx-overlay-container": 5,
        "twx-overlay-body": 1
      }
    },
    {
      "timeStamp": 1604609394513,
      "usage": {
        "twx-view": 1,
        "twx-dt-view": 1,
        "twx-dt-target-spatial": 1,
        "twx-dt-model": 1,
        "twx-dt-label": 1,
        "twx-tml-text": 2,
        "twx-overlay": 1,
        "twx-overlay-container": 5,
        "twx-overlay-body": 1
      }
    },
    {
      "timeStamp": 1604609396507,
      "usage": {
        "twx-view": 1,
        "twx-dt-view": 1,
        "twx-dt-target-spatial": 1,
        "twx-dt-model": 1,
        "twx-dt-label": 1,
        "twx-tml-text": 2,
        "twx-overlay": 1,
        "twx-overlay-container": 5,
        "twx-overlay-body": 1
      }
    },
    {
      "timeStamp": 1604610038360,
      "usage": {
        "twx-view": 1,
        "twx-dt-view": 1,
        "twx-dt-target-spatial": 1,
        "twx-dt-model": 1,
        "twx-dt-label": 1,
        "twx-tml-text": 2,
        "twx-overlay": 1,
        "twx-overlay-container": 5,
        "twx-overlay-body": 1
      }
    },
    {
      "timeStamp": 1604610116589,
      "usage": {
        "twx-view": 1,
        "twx-dt-view": 1,
        "twx-dt-target-spatial": 1,
        "twx-dt-model": 1,
        "twx-dt-label": 1,
        "twx-tml-text": 2,
        "twx-overlay": 1,
        "twx-overlay-container": 5,
        "twx-overlay-body": 1
      }
    },
    {
      "timeStamp": 1604666828468,
      "usage": {
        "twx-view": 1,
        "twx-dt-view": 1,
        "twx-dt-target-spatial": 1,
        "twx-dt-model": 1,
        "twx-dt-label": 1,
        "twx-tml-text": 2,
        "twx-overlay": 1,
        "twx-overlay-container": 5,
        "twx-overlay-body": 1
      }
    },
    {
      "timeStamp": 1604669539216,
      "usage": {
        "twx-view": 1,
        "twx-dt-view": 1,
        "twx-dt-target-spatial": 1,
        "twx-dt-model": 1,
        "twx-dt-label": 1,
        "twx-tml-text": 2,
        "twx-overlay": 1,
        "twx-overlay-container": 5,
        "twx-overlay-body": 1
      }
    },
    {
      "timeStamp": 1604670033644,
      "usage": {
        "twx-view": 1,
        "twx-dt-view": 1,
        "twx-dt-target-spatial": 1,
        "twx-dt-model": 1,
        "twx-dt-label": 1,
        "twx-tml-text": 2,
        "twx-overlay": 1,
        "twx-overlay-container": 5,
        "twx-overlay-body": 1
      }
    },
    {
      "timeStamp": 1604670646048,
      "usage": {
        "twx-view": 1,
        "twx-dt-view": 1,
        "twx-dt-target-spatial": 1,
        "twx-dt-model": 1,
        "twx-dt-label": 1,
        "twx-tml-text": 2,
        "twx-overlay": 1,
        "twx-overlay-container": 5,
        "twx-overlay-body": 1
      }
    },
    {
      "timeStamp": 1604670664729,
      "usage": {
        "twx-view": 1,
        "twx-dt-view": 1,
        "twx-dt-target-spatial": 1,
        "twx-dt-model": 1,
        "twx-dt-label": 1,
        "twx-tml-text": 2,
        "twx-overlay": 1,
        "twx-overlay-container": 5,
        "twx-overlay-body": 1
      }
    },
    {
      "timeStamp": 1604942860028,
      "usage": {
        "twx-view": 1,
        "twx-dt-view": 1,
        "twx-dt-target-spatial": 1,
        "twx-dt-model": 1,
        "twx-dt-label": 1,
        "twx-tml-text": 2,
        "twx-overlay": 1,
        "twx-overlay-container": 5,
        "twx-overlay-body": 1
      }
    },
    {
      "timeStamp": 1604953974235,
      "usage": {
        "twx-view": 1,
        "twx-dt-view": 1,
        "twx-dt-target-spatial": 1,
        "twx-dt-model": 1,
        "twx-dt-label": 1,
        "twx-tml-text": 2,
        "twx-overlay": 1,
        "twx-overlay-container": 5,
        "twx-overlay-body": 1
      }
    },
    {
      "timeStamp": 1604953996646,
      "usage": {
        "twx-view": 1,
        "twx-dt-view": 1,
        "twx-dt-target-spatial": 1,
        "twx-dt-model": 1,
        "twx-dt-label": 1,
        "twx-tml-text": 2,
        "twx-overlay": 1,
        "twx-overlay-container": 5,
        "twx-overlay-body": 1
      }
    },
    {
      "timeStamp": 1604954011908,
      "usage": {
        "twx-view": 1,
        "twx-dt-view": 1,
        "twx-dt-target-spatial": 1,
        "twx-dt-model": 1,
        "twx-dt-label": 1,
        "twx-tml-text": 2,
        "twx-overlay": 1,
        "twx-overlay-container": 5,
        "twx-overlay-body": 1
      }
    },
    {
      "timeStamp": 1604955296313,
      "usage": {
        "twx-view": 1,
        "twx-dt-view": 1,
        "twx-dt-target-spatial": 1,
        "twx-dt-model": 1,
        "twx-dt-label": 1,
        "twx-tml-text": 2,
        "twx-overlay": 1,
        "twx-overlay-container": 5,
        "twx-overlay-body": 1
      }
    },
    {
      "timeStamp": 1605012973416,
      "usage": {
        "twx-view": 1,
        "twx-dt-view": 1,
        "twx-dt-target-spatial": 1,
        "twx-dt-model": 1,
        "twx-dt-label": 1,
        "twx-tml-text": 2,
        "twx-overlay": 1,
        "twx-overlay-container": 5,
        "twx-overlay-body": 1
      }
    },
    {
      "timeStamp": 1605012983696,
      "usage": {
        "twx-view": 1,
        "twx-dt-view": 1,
        "twx-dt-target-spatial": 1,
        "twx-dt-model": 1,
        "twx-dt-label": 1,
        "twx-tml-text": 2,
        "twx-overlay": 1,
        "twx-overlay-container": 5,
        "twx-overlay-body": 1
      }
    },
    {
      "timeStamp": 1605016147414,
      "usage": {
        "twx-view": 1,
        "twx-dt-view": 1,
        "twx-dt-target-spatial": 1,
        "twx-dt-model": 1,
        "twx-dt-label": 1,
        "twx-tml-text": 2,
        "twx-overlay": 1,
        "twx-overlay-container": 5,
        "twx-overlay-body": 1
      }
    },
    {
      "timeStamp": 1605018039359,
      "usage": {
        "twx-view": 1,
        "twx-dt-view": 1,
        "twx-dt-target-spatial": 1,
        "twx-dt-model": 1,
        "twx-dt-label": 1,
        "twx-tml-text": 2,
        "twx-overlay": 1,
        "twx-overlay-container": 5,
        "twx-overlay-body": 1
      }
    },
    {
      "timeStamp": 1605021245663,
      "usage": {
        "twx-view": 1,
        "twx-dt-view": 1,
        "twx-dt-target-spatial": 1,
        "twx-dt-model": 1,
        "twx-dt-label": 1,
        "twx-tml-text": 2,
        "twx-overlay": 1,
        "twx-overlay-container": 5,
        "twx-overlay-body": 1
      }
    },
    {
      "timeStamp": 1605021325523,
      "usage": {
        "twx-view": 1,
        "twx-dt-view": 1,
        "twx-dt-target-spatial": 1,
        "twx-dt-model": 1,
        "twx-dt-label": 1,
        "twx-tml-text": 2,
        "twx-overlay": 1,
        "twx-overlay-container": 5,
        "twx-overlay-body": 1
      }
    },
    {
      "timeStamp": 1605021327795,
      "usage": {
        "twx-view": 1,
        "twx-dt-view": 1,
        "twx-dt-target-spatial": 1,
        "twx-dt-model": 1,
        "twx-dt-label": 1,
        "twx-tml-text": 2,
        "twx-overlay": 1,
        "twx-overlay-container": 5,
        "twx-overlay-body": 1
      }
    },
    {
      "timeStamp": 1605037035671,
      "usage": {
        "twx-view": 1,
        "twx-dt-view": 1,
        "twx-dt-target-spatial": 1,
        "twx-dt-model": 1,
        "twx-dt-label": 1,
        "twx-tml-text": 2,
        "twx-overlay": 1,
        "twx-overlay-container": 5,
        "twx-overlay-body": 1
      }
    },
    {
      "timeStamp": 1605037486415,
      "usage": {
        "twx-view": 1,
        "twx-dt-view": 1,
        "twx-dt-target-spatial": 1,
        "twx-dt-model": 1,
        "twx-dt-label": 1,
        "twx-tml-text": 2,
        "twx-overlay": 1,
        "twx-overlay-container": 5,
        "twx-overlay-body": 1
      }
    },
    {
      "timeStamp": 1605037504653,
      "usage": {
        "twx-view": 1,
        "twx-dt-view": 1,
        "twx-dt-target-spatial": 1,
        "twx-dt-model": 1,
        "twx-dt-label": 1,
        "twx-tml-text": 2,
        "twx-overlay": 1,
        "twx-overlay-container": 5,
        "twx-overlay-body": 1
      }
    },
    {
      "timeStamp": 1605037539016,
      "usage": {
        "twx-view": 1,
        "twx-dt-view": 1,
        "twx-dt-target-spatial": 1,
        "twx-dt-model": 1,
        "twx-dt-label": 1,
        "twx-tml-text": 2,
        "twx-overlay": 1,
        "twx-overlay-container": 5,
        "twx-overlay-body": 1
      }
    },
    {
      "timeStamp": 1605037546980,
      "usage": {
        "twx-view": 1,
        "twx-dt-view": 1,
        "twx-dt-target-spatial": 1,
        "twx-dt-model": 1,
        "twx-dt-label": 1,
        "twx-tml-text": 2,
        "twx-overlay": 1,
        "twx-overlay-container": 5,
        "twx-overlay-body": 1
      }
    },
    {
      "timeStamp": 1605037550908,
      "usage": {
        "twx-view": 1,
        "twx-dt-view": 1,
        "twx-dt-target-spatial": 1,
        "twx-dt-model": 1,
        "twx-dt-label": 1,
        "twx-tml-text": 2,
        "twx-overlay": 1,
        "twx-overlay-container": 5,
        "twx-overlay-body": 1
      }
    },
    {
      "timeStamp": 1605038431043,
      "usage": {
        "twx-view": 1,
        "twx-dt-view": 1,
        "twx-dt-target-spatial": 1,
        "twx-dt-model": 1,
        "twx-dt-label": 1,
        "twx-tml-text": 2,
        "twx-overlay": 1,
        "twx-overlay-container": 5,
        "twx-overlay-body": 1
      }
    },
    {
      "timeStamp": 1605039188205,
      "usage": {
        "twx-view": 1,
        "twx-dt-view": 1,
        "twx-dt-target-spatial": 1,
        "twx-dt-model": 1,
        "twx-dt-label": 1,
        "twx-tml-text": 2,
        "twx-overlay": 1,
        "twx-overlay-container": 5,
        "twx-overlay-body": 1
      }
    },
    {
      "timeStamp": 1605041305304,
      "usage": {
        "twx-view": 1,
        "twx-dt-view": 1,
        "twx-dt-target-spatial": 1,
        "twx-dt-model": 1,
        "twx-dt-label": 1,
        "twx-overlay": 1,
        "twx-overlay-container": 5,
        "twx-overlay-body": 1,
        "twx-button": 2
      }
    },
    {
      "timeStamp": 1605103738143,
      "usage": {
        "twx-view": 1,
        "twx-dt-view": 1,
        "twx-dt-target-spatial": 1,
        "twx-dt-model": 1,
        "twx-dt-label": 1,
        "twx-overlay": 1,
        "twx-overlay-container": 5,
        "twx-overlay-body": 1,
        "twx-button": 2
      }
    },
    {
      "timeStamp": 1605103775431,
      "usage": {
        "twx-view": 1,
        "twx-dt-view": 1,
        "twx-dt-target-spatial": 1,
        "twx-dt-model": 1,
        "twx-dt-label": 1,
        "twx-overlay": 1,
        "twx-overlay-container": 5,
        "twx-overlay-body": 1,
        "twx-button": 2
      }
    },
    {
      "timeStamp": 1605103894329,
      "usage": {
        "twx-view": 1,
        "twx-dt-view": 1,
        "twx-dt-target-spatial": 1,
        "twx-dt-model": 1,
        "twx-dt-label": 1,
        "twx-overlay": 1,
        "twx-overlay-container": 5,
        "twx-overlay-body": 1,
        "twx-button": 2
      }
    },
    {
      "timeStamp": 1605104141472,
      "usage": {
        "twx-view": 1,
        "twx-dt-view": 1,
        "twx-dt-target-spatial": 1,
        "twx-dt-model": 1,
        "twx-dt-label": 1,
        "twx-overlay": 1,
        "twx-overlay-container": 5,
        "twx-overlay-body": 1,
        "twx-button": 2
      }
    },
    {
      "timeStamp": 1605104155815,
      "usage": {
        "twx-view": 1,
        "twx-dt-view": 1,
        "twx-dt-target-spatial": 1,
        "twx-dt-model": 1,
        "twx-dt-label": 1,
        "twx-overlay": 1,
        "twx-overlay-container": 5,
        "twx-overlay-body": 1,
        "twx-button": 2
      }
    },
    {
      "timeStamp": 1605104184968,
      "usage": {
        "twx-view": 1,
        "twx-dt-view": 1,
        "twx-dt-target-spatial": 1,
        "twx-dt-model": 1,
        "twx-dt-label": 1,
        "twx-overlay": 1,
        "twx-overlay-container": 5,
        "twx-overlay-body": 1,
        "twx-button": 2
      }
    },
    {
      "timeStamp": 1605104210639,
      "usage": {
        "twx-view": 1,
        "twx-dt-view": 1,
        "twx-dt-target-spatial": 1,
        "twx-dt-model": 1,
        "twx-dt-label": 1,
        "twx-overlay": 1,
        "twx-overlay-container": 5,
        "twx-overlay-body": 1,
        "twx-button": 2
      }
    },
    {
      "timeStamp": 1605104216912,
      "usage": {
        "twx-view": 1,
        "twx-dt-view": 1,
        "twx-dt-target-spatial": 1,
        "twx-dt-model": 1,
        "twx-dt-label": 1,
        "twx-overlay": 1,
        "twx-overlay-container": 5,
        "twx-overlay-body": 1,
        "twx-button": 2
      }
    },
    {
      "timeStamp": 1605104265122,
      "usage": {
        "twx-view": 1,
        "twx-dt-view": 1,
        "twx-dt-target-spatial": 1,
        "twx-dt-model": 1,
        "twx-dt-label": 1,
        "twx-overlay": 1,
        "twx-overlay-container": 5,
        "twx-overlay-body": 1,
        "twx-button": 2
      }
    },
    {
      "timeStamp": 1605104266870,
      "usage": {
        "twx-view": 1,
        "twx-dt-view": 1,
        "twx-dt-target-spatial": 1,
        "twx-dt-model": 1,
        "twx-dt-label": 1,
        "twx-overlay": 1,
        "twx-overlay-container": 5,
        "twx-overlay-body": 1,
        "twx-button": 2
      }
    },
    {
      "timeStamp": 1605111833573,
      "usage": {
        "twx-view": 1,
        "twx-dt-view": 1,
        "twx-dt-target-spatial": 1,
        "twx-dt-model": 1,
        "twx-dt-label": 1,
        "twx-overlay": 1,
        "twx-overlay-container": 5,
        "twx-overlay-body": 1,
        "twx-button": 2
      }
    },
    {
      "timeStamp": 1605112363997,
      "usage": {
        "twx-view": 1,
        "twx-dt-view": 1,
        "twx-dt-target-spatial": 1,
        "twx-dt-model": 1,
        "twx-dt-label": 1,
        "twx-overlay": 1,
        "twx-overlay-container": 5,
        "twx-overlay-body": 1,
        "twx-button": 2
      }
    },
    {
      "timeStamp": 1605112367494,
      "usage": {
        "twx-view": 1,
        "twx-dt-view": 1,
        "twx-dt-target-spatial": 1,
        "twx-dt-model": 1,
        "twx-dt-label": 1,
        "twx-overlay": 1,
        "twx-overlay-container": 5,
        "twx-overlay-body": 1,
        "twx-button": 2
      }
    },
    {
      "timeStamp": 1605112568072,
      "usage": {
        "twx-view": 1,
        "twx-dt-view": 1,
        "twx-dt-target-spatial": 1,
        "twx-dt-model": 1,
        "twx-dt-label": 1,
        "twx-overlay": 1,
        "twx-overlay-container": 5,
        "twx-overlay-body": 1,
        "twx-button": 2
      }
    },
    {
      "timeStamp": 1605112597259,
      "usage": {
        "twx-view": 1,
        "twx-dt-view": 1,
        "twx-dt-target-spatial": 1,
        "twx-dt-model": 1,
        "twx-dt-label": 1,
        "twx-overlay": 1,
        "twx-overlay-container": 5,
        "twx-overlay-body": 1,
        "twx-button": 2
      }
    },
    {
      "timeStamp": 1605112952501,
      "usage": {
        "twx-view": 1,
        "twx-dt-view": 1,
        "twx-dt-target-spatial": 1,
        "twx-dt-model": 1,
        "twx-dt-label": 1,
        "twx-overlay": 1,
        "twx-overlay-container": 5,
        "twx-overlay-body": 1,
        "twx-button": 2
      }
    },
    {
      "timeStamp": 1605113000753,
      "usage": {
        "twx-view": 1,
        "twx-dt-view": 1,
        "twx-dt-target-spatial": 1,
        "twx-dt-model": 1,
        "twx-dt-label": 1,
        "twx-overlay": 1,
        "twx-overlay-container": 5,
        "twx-overlay-body": 1,
        "twx-button": 2
      }
    },
    {
      "timeStamp": 1605116553423,
      "usage": {
        "twx-view": 1,
        "twx-dt-view": 1,
        "twx-dt-target-spatial": 1,
        "twx-dt-model": 1,
        "twx-dt-label": 1,
        "twx-overlay": 1,
        "twx-overlay-container": 5,
        "twx-overlay-body": 1,
        "twx-button": 2
      }
    },
    {
      "timeStamp": 1605116574198,
      "usage": {
        "twx-view": 1,
        "twx-dt-view": 1,
        "twx-dt-target-spatial": 1,
        "twx-dt-model": 1,
        "twx-dt-label": 1,
        "twx-overlay": 1,
        "twx-overlay-container": 5,
        "twx-overlay-body": 1,
        "twx-button": 2
      }
    },
    {
      "timeStamp": 1605116605566,
      "usage": {
        "twx-view": 1,
        "twx-dt-view": 1,
        "twx-dt-target-spatial": 1,
        "twx-dt-model": 1,
        "twx-dt-label": 1,
        "twx-overlay": 1,
        "twx-overlay-container": 5,
        "twx-overlay-body": 1,
        "twx-button": 2
      }
    },
    {
      "timeStamp": 1605117131869,
      "usage": {
        "twx-view": 1,
        "twx-dt-view": 1,
        "twx-dt-target-spatial": 1,
        "twx-dt-model": 1,
        "twx-dt-label": 1,
        "twx-overlay": 1,
        "twx-overlay-container": 5,
        "twx-overlay-body": 1,
        "twx-button": 2
      }
    },
    {
      "timeStamp": 1605117145095,
      "usage": {
        "twx-view": 1,
        "twx-dt-view": 1,
        "twx-dt-target-spatial": 1,
        "twx-dt-model": 1,
        "twx-dt-label": 1,
        "twx-overlay": 1,
        "twx-overlay-container": 5,
        "twx-overlay-body": 1,
        "twx-button": 2
      }
    },
    {
      "timeStamp": 1605117158204,
      "usage": {
        "twx-view": 1,
        "twx-dt-view": 1,
        "twx-dt-target-spatial": 1,
        "twx-dt-model": 1,
        "twx-dt-label": 1,
        "twx-overlay": 1,
        "twx-overlay-container": 5,
        "twx-overlay-body": 1,
        "twx-button": 2
      }
    },
    {
      "timeStamp": 1605118113908,
      "usage": {
        "twx-view": 1,
        "twx-dt-view": 1,
        "twx-dt-target-spatial": 1,
        "twx-dt-model": 1,
        "twx-dt-label": 1,
        "twx-overlay": 1,
        "twx-overlay-container": 5,
        "twx-overlay-body": 1,
        "twx-button": 2
      }
    },
    {
      "timeStamp": 1605119682464,
      "usage": {
        "twx-view": 1,
        "twx-dt-view": 1,
        "twx-dt-target-spatial": 1,
        "twx-dt-model": 1,
        "twx-dt-label": 1,
        "twx-overlay": 1,
        "twx-overlay-container": 5,
        "twx-overlay-body": 1,
        "twx-button": 2
      }
    },
    {
      "timeStamp": 1605119823748,
      "usage": {
        "twx-view": 1,
        "twx-dt-view": 1,
        "twx-dt-target-spatial": 1,
        "twx-dt-model": 1,
        "twx-dt-label": 1,
        "twx-overlay": 1,
        "twx-overlay-container": 5,
        "twx-overlay-body": 1,
        "twx-button": 2
      }
    },
    {
      "timeStamp": 1605120366339,
      "usage": {
        "twx-view": 1,
        "twx-dt-view": 1,
        "twx-dt-target-spatial": 1,
        "twx-dt-model": 1,
        "twx-dt-label": 1,
        "twx-overlay": 1,
        "twx-overlay-container": 5,
        "twx-overlay-body": 1,
        "twx-button": 2
      }
    },
    {
      "timeStamp": 1605120518656,
      "usage": {
        "twx-view": 1,
        "twx-dt-view": 1,
        "twx-dt-target-spatial": 1,
        "twx-dt-model": 1,
        "twx-dt-label": 1,
        "twx-overlay": 1,
        "twx-overlay-container": 5,
        "twx-overlay-body": 1,
        "twx-button": 2
      }
    },
    {
      "timeStamp": 1605121411935,
      "usage": {
        "twx-view": 1,
        "twx-dt-view": 1,
        "twx-dt-target-spatial": 1,
        "twx-dt-model": 1,
        "twx-dt-label": 1,
        "twx-overlay": 1,
        "twx-overlay-container": 5,
        "twx-overlay-body": 1,
        "twx-button": 2
      }
    },
    {
      "timeStamp": 1605128369928,
      "usage": {
        "twx-view": 1,
        "twx-dt-view": 1,
        "twx-dt-target-spatial": 1,
        "twx-dt-model": 1,
        "twx-dt-label": 1,
        "twx-overlay": 1,
        "twx-overlay-container": 5,
        "twx-overlay-body": 1,
        "twx-button": 2
      }
    },
    {
      "timeStamp": 1605185710786,
      "usage": {
        "twx-view": 1,
        "twx-dt-view": 1,
        "twx-dt-target-spatial": 1,
        "twx-dt-model": 1,
        "twx-dt-label": 1,
        "twx-overlay": 1,
        "twx-overlay-container": 5,
        "twx-overlay-body": 1,
        "twx-button": 2
      }
    },
    {
      "timeStamp": 1605185809289,
      "usage": {
        "twx-view": 1,
        "twx-dt-view": 1,
        "twx-dt-target-spatial": 1,
        "twx-dt-model": 1,
        "twx-dt-label": 1,
        "twx-overlay": 1,
        "twx-overlay-container": 5,
        "twx-overlay-body": 1,
        "twx-button": 2
      }
    },
    {
      "timeStamp": 1605185812263,
      "usage": {
        "twx-view": 1,
        "twx-dt-view": 1,
        "twx-dt-target-spatial": 1,
        "twx-dt-model": 1,
        "twx-dt-label": 1,
        "twx-overlay": 1,
        "twx-overlay-container": 5,
        "twx-overlay-body": 1,
        "twx-button": 2
      }
    },
    {
      "timeStamp": 1605185826948,
      "usage": {
        "twx-view": 1,
        "twx-dt-view": 1,
        "twx-dt-target-spatial": 1,
        "twx-dt-model": 1,
        "twx-dt-label": 1,
        "twx-overlay": 1,
        "twx-overlay-container": 5,
        "twx-overlay-body": 1,
        "twx-button": 2
      }
    },
    {
      "timeStamp": 1605185899611,
      "usage": {
        "twx-view": 1,
        "twx-dt-view": 1,
        "twx-dt-target-spatial": 1,
        "twx-dt-model": 1,
        "twx-dt-label": 1,
        "twx-tml-text": 2,
        "twx-overlay": 1,
        "twx-overlay-container": 5,
        "twx-overlay-body": 1,
        "twx-button": 2
      }
    },
    {
      "timeStamp": 1605185903123,
      "usage": {
        "twx-view": 1,
        "twx-dt-view": 1,
        "twx-dt-target-spatial": 1,
        "twx-dt-model": 1,
        "twx-dt-label": 1,
        "twx-tml-text": 2,
        "twx-overlay": 1,
        "twx-overlay-container": 5,
        "twx-overlay-body": 1,
        "twx-button": 2
      }
    },
    {
      "timeStamp": 1605185921238,
      "usage": {
        "twx-view": 1,
        "twx-dt-view": 1,
        "twx-dt-target-spatial": 1,
        "twx-dt-model": 1,
        "twx-dt-label": 1,
        "twx-tml-text": 2,
        "twx-overlay": 1,
        "twx-overlay-container": 5,
        "twx-overlay-body": 1,
        "twx-button": 2
      }
    },
    {
      "timeStamp": 1605185977024,
      "usage": {
        "twx-view": 1,
        "twx-dt-view": 1,
        "twx-dt-target-spatial": 1,
        "twx-dt-model": 1,
        "twx-dt-label": 1,
        "twx-tml-text": 2,
        "twx-overlay": 1,
        "twx-overlay-container": 5,
        "twx-overlay-body": 1,
        "twx-button": 2
      }
    },
    {
      "timeStamp": 1605185986373,
      "usage": {
        "twx-view": 1,
        "twx-dt-view": 1,
        "twx-dt-target-spatial": 1,
        "twx-dt-model": 1,
        "twx-dt-label": 1,
        "twx-tml-text": 2,
        "twx-overlay": 1,
        "twx-overlay-container": 5,
        "twx-overlay-body": 1,
        "twx-button": 2
      }
    },
    {
      "timeStamp": 1605186154513,
      "usage": {
        "twx-view": 1,
        "twx-dt-view": 1,
        "twx-dt-target-spatial": 1,
        "twx-dt-model": 1,
        "twx-dt-label": 1,
        "twx-tml-text": 2,
        "twx-overlay": 1,
        "twx-overlay-container": 5,
        "twx-overlay-body": 1,
        "twx-button": 2
      }
    },
    {
      "timeStamp": 1605186159029,
      "usage": {
        "twx-view": 1,
        "twx-dt-view": 1,
        "twx-dt-target-spatial": 1,
        "twx-dt-model": 1,
        "twx-dt-label": 1,
        "twx-tml-text": 2,
        "twx-overlay": 1,
        "twx-overlay-container": 5,
        "twx-overlay-body": 1,
        "twx-button": 2
      }
    },
    {
      "timeStamp": 1605188241321,
      "usage": {
        "twx-view": 1,
        "twx-dt-view": 1,
        "twx-dt-target-spatial": 1,
        "twx-dt-model": 1,
        "twx-dt-label": 1,
        "twx-overlay": 1,
        "twx-overlay-container": 5,
        "twx-overlay-body": 1,
        "twx-button": 2
      }
    },
    {
      "timeStamp": 1605188256179,
      "usage": {
        "twx-view": 1,
        "twx-dt-view": 1,
        "twx-dt-target-spatial": 1,
        "twx-dt-model": 1,
        "twx-dt-label": 1,
        "twx-tml-text": 2,
        "twx-overlay": 1,
        "twx-overlay-container": 5,
        "twx-overlay-body": 1,
        "twx-button": 2
      }
    },
    {
      "timeStamp": 1605188851183,
      "usage": {
        "twx-view": 1,
        "twx-dt-view": 1,
        "twx-dt-target-spatial": 1,
        "twx-dt-model": 1,
        "twx-dt-label": 1,
        "twx-tml-text": 1,
        "twx-overlay": 1,
        "twx-overlay-container": 5,
        "twx-overlay-body": 1,
        "twx-button": 2
      }
    },
    {
      "timeStamp": 1605189410286,
      "usage": {
        "twx-view": 1,
        "twx-dt-view": 1,
        "twx-dt-target-spatial": 1,
        "twx-dt-model": 1,
        "twx-dt-label": 1,
        "twx-tml-text": 2,
        "twx-overlay": 1,
        "twx-overlay-container": 5,
        "twx-overlay-body": 1,
        "twx-button": 2
      }
    },
    {
      "timeStamp": 1605189718954,
      "usage": {
        "twx-view": 1,
        "twx-dt-view": 1,
        "twx-dt-target-spatial": 1,
        "twx-dt-model": 1,
        "twx-dt-label": 1,
        "twx-tml-text": 2,
        "twx-overlay": 1,
        "twx-overlay-container": 5,
        "twx-overlay-body": 1,
        "twx-button": 2
      }
    },
    {
      "timeStamp": 1605190907942,
      "usage": {
        "twx-view": 1,
        "twx-dt-view": 1,
        "twx-dt-target-spatial": 1,
        "twx-dt-model": 1,
        "twx-dt-label": 1,
        "twx-tml-text": 2,
        "twx-overlay": 1,
        "twx-overlay-container": 5,
        "twx-overlay-body": 1,
        "twx-button": 2
      }
    },
    {
      "timeStamp": 1605190938097,
      "usage": {
        "twx-view": 1,
        "twx-dt-view": 1,
        "twx-dt-target-spatial": 1,
        "twx-dt-model": 1,
        "twx-dt-label": 1,
        "twx-tml-text": 2,
        "twx-overlay": 1,
        "twx-overlay-container": 5,
        "twx-overlay-body": 1,
        "twx-button": 2
      }
    },
    {
      "timeStamp": 1605191163720,
      "usage": {
        "twx-view": 1,
        "twx-dt-view": 1,
        "twx-dt-target-spatial": 1,
        "twx-dt-model": 1,
        "twx-dt-label": 1,
        "twx-tml-text": 2,
        "twx-overlay": 1,
        "twx-overlay-container": 5,
        "twx-overlay-body": 1,
        "twx-button": 2
      }
    },
    {
      "timeStamp": 1605191181909,
      "usage": {
        "twx-view": 1,
        "twx-dt-view": 1,
        "twx-dt-target-spatial": 1,
        "twx-dt-model": 1,
        "twx-dt-label": 1,
        "twx-tml-text": 2,
        "twx-overlay": 1,
        "twx-overlay-container": 5,
        "twx-overlay-body": 1,
        "twx-button": 2
      }
    },
    {
      "timeStamp": 1605191734068,
      "usage": {
        "twx-view": 1,
        "twx-dt-view": 1,
        "twx-dt-target-spatial": 1,
        "twx-dt-model": 1,
        "twx-dt-label": 1,
        "twx-tml-text": 2,
        "twx-overlay": 1,
        "twx-overlay-container": 5,
        "twx-overlay-body": 1,
        "twx-button": 2
      }
    },
    {
      "timeStamp": 1605193434174,
      "usage": {
        "twx-view": 1,
        "twx-dt-view": 1,
        "twx-dt-target-spatial": 1,
        "twx-dt-model": 1,
        "twx-dt-label": 1,
        "twx-tml-text": 2,
        "twx-overlay": 1,
        "twx-overlay-container": 5,
        "twx-overlay-body": 1,
        "twx-button": 2
      }
    },
    {
      "timeStamp": 1605193441000,
      "usage": {
        "twx-view": 1,
        "twx-dt-view": 1,
        "twx-dt-target-spatial": 1,
        "twx-dt-model": 1,
        "twx-dt-label": 1,
        "twx-tml-text": 1,
        "twx-overlay": 1,
        "twx-overlay-container": 5,
        "twx-overlay-body": 1,
        "twx-button": 2
      }
    },
    {
      "timeStamp": 1605194727559,
      "usage": {
        "twx-view": 1,
        "twx-dt-view": 1,
        "twx-dt-target-spatial": 1,
        "twx-dt-model": 1,
        "twx-dt-label": 1,
        "twx-tml-text": 1,
        "twx-overlay": 1,
        "twx-overlay-container": 5,
        "twx-overlay-body": 1,
        "twx-button": 2
      }
    },
    {
      "timeStamp": 1605195047092,
      "usage": {
        "twx-view": 1,
        "twx-dt-view": 1,
        "twx-dt-target-spatial": 1,
        "twx-dt-model": 1,
        "twx-dt-label": 1,
        "twx-tml-text": 1,
        "twx-overlay": 1,
        "twx-overlay-container": 5,
        "twx-overlay-body": 1,
        "twx-button": 2
      }
    },
    {
      "timeStamp": 1605196895631,
      "usage": {
        "twx-view": 1,
        "twx-dt-view": 1,
        "twx-dt-target-spatial": 1,
        "twx-dt-model": 1,
        "twx-dt-label": 1,
        "twx-tml-text": 1,
        "twx-overlay": 1,
        "twx-overlay-container": 5,
        "twx-overlay-body": 1,
        "twx-button": 2
      }
    },
    {
      "timeStamp": 1605196992345,
      "usage": {
        "twx-view": 1,
        "twx-dt-view": 1,
        "twx-dt-target-spatial": 1,
        "twx-dt-model": 1,
        "twx-dt-label": 1,
        "twx-tml-text": 1,
        "twx-overlay": 1,
        "twx-overlay-container": 5,
        "twx-overlay-body": 1,
        "twx-button": 2
      }
    },
    {
      "timeStamp": 1605197171731,
      "usage": {
        "twx-view": 1,
        "twx-dt-view": 1,
        "twx-dt-target-spatial": 1,
        "twx-dt-model": 1,
        "twx-dt-label": 1,
        "twx-tml-text": 1,
        "twx-overlay": 1,
        "twx-overlay-container": 5,
        "twx-overlay-body": 1,
        "twx-button": 2
      }
    },
    {
      "timeStamp": 1605197209828,
      "usage": {
        "twx-view": 1,
        "twx-dt-view": 1,
        "twx-dt-target-spatial": 1,
        "twx-dt-model": 1,
        "twx-dt-label": 1,
        "twx-tml-text": 1,
        "twx-overlay": 1,
        "twx-overlay-container": 5,
        "twx-overlay-body": 1,
        "twx-button": 2
      }
    },
    {
      "timeStamp": 1605197211573,
      "usage": {
        "twx-view": 1,
        "twx-dt-view": 1,
        "twx-dt-target-spatial": 1,
        "twx-dt-model": 1,
        "twx-dt-label": 1,
        "twx-tml-text": 1,
        "twx-overlay": 1,
        "twx-overlay-container": 5,
        "twx-overlay-body": 1,
        "twx-button": 2
      }
    },
    {
      "timeStamp": 1605199384830,
      "usage": {
        "twx-view": 1,
        "twx-dt-view": 1,
        "twx-dt-target-spatial": 1,
        "twx-dt-model": 1,
        "twx-dt-label": 1,
        "twx-tml-text": 1,
        "twx-overlay": 1,
        "twx-overlay-container": 5,
        "twx-overlay-body": 1,
        "twx-button": 2
      }
    },
    {
      "timeStamp": 1605200378505,
      "usage": {
        "twx-view": 1,
        "twx-dt-view": 1,
        "twx-dt-target-spatial": 1,
        "twx-dt-model": 1,
        "twx-dt-label": 1,
        "twx-tml-text": 1,
        "twx-overlay": 1,
        "twx-overlay-container": 5,
        "twx-overlay-body": 1,
        "twx-button": 3,
        "twx-gridlayout": 1,
        "twx-row": 1,
        "twx-col": 2,
        "twx-text-input": 1
      }
    },
    {
      "timeStamp": 1605212090192,
      "usage": {
        "twx-view": 1,
        "twx-dt-view": 1,
        "twx-dt-target-spatial": 1,
        "twx-dt-model": 1,
        "twx-dt-label": 1,
        "twx-tml-text": 1,
        "twx-overlay": 1,
        "twx-overlay-container": 5,
        "twx-overlay-body": 1,
        "twx-button": 3,
        "twx-gridlayout": 1,
        "twx-row": 1,
        "twx-col": 2,
        "twx-text-input": 1
      }
    },
    {
      "timeStamp": 1605212096853,
      "usage": {
        "twx-view": 1,
        "twx-dt-view": 1,
        "twx-dt-target-spatial": 1,
        "twx-dt-model": 1,
        "twx-dt-label": 1,
        "twx-tml-text": 1,
        "twx-overlay": 1,
        "twx-overlay-container": 5,
        "twx-overlay-body": 1,
        "twx-button": 3,
        "twx-gridlayout": 1,
        "twx-row": 1,
        "twx-col": 2,
        "twx-text-input": 1
      }
    },
    {
      "timeStamp": 1605212110587,
      "usage": {
        "twx-view": 1,
        "twx-dt-view": 1,
        "twx-dt-target-spatial": 1,
        "twx-dt-model": 1,
        "twx-dt-label": 1,
        "twx-tml-text": 1,
        "twx-overlay": 1,
        "twx-overlay-container": 5,
        "twx-overlay-body": 1,
        "twx-button": 3,
        "twx-gridlayout": 1,
        "twx-row": 1,
        "twx-col": 2,
        "twx-text-input": 1
      }
    },
    {
      "timeStamp": 1605212129035,
      "usage": {
        "twx-view": 1,
        "twx-dt-view": 1,
        "twx-dt-target-spatial": 1,
        "twx-dt-model": 1,
        "twx-dt-label": 1,
        "twx-tml-text": 1,
        "twx-overlay": 1,
        "twx-overlay-container": 5,
        "twx-overlay-body": 1,
        "twx-button": 3,
        "twx-gridlayout": 1,
        "twx-row": 1,
        "twx-col": 2,
        "twx-text-input": 1
      }
    },
    {
      "timeStamp": 1605212155829,
      "usage": {
        "twx-view": 1,
        "twx-dt-view": 1,
        "twx-dt-target-spatial": 1,
        "twx-dt-model": 1,
        "twx-dt-label": 1,
        "twx-tml-text": 1,
        "twx-overlay": 1,
        "twx-overlay-container": 5,
        "twx-overlay-body": 1,
        "twx-button": 3,
        "twx-gridlayout": 1,
        "twx-row": 1,
        "twx-col": 2,
        "twx-text-input": 1
      }
    },
    {
      "timeStamp": 1605212281138,
      "usage": {
        "twx-view": 1,
        "twx-dt-view": 1,
        "twx-dt-target-spatial": 1,
        "twx-dt-model": 1,
        "twx-dt-label": 1,
        "twx-tml-text": 1,
        "twx-overlay": 1,
        "twx-overlay-container": 5,
        "twx-overlay-body": 1,
        "twx-button": 3,
        "twx-gridlayout": 1,
        "twx-row": 1,
        "twx-col": 2,
        "twx-text-input": 1
      }
    },
    {
      "timeStamp": 1605212283028,
      "usage": {
        "twx-view": 1,
        "twx-dt-view": 1,
        "twx-dt-target-spatial": 1,
        "twx-dt-model": 1,
        "twx-dt-label": 1,
        "twx-tml-text": 1,
        "twx-overlay": 1,
        "twx-overlay-container": 5,
        "twx-overlay-body": 1,
        "twx-button": 3,
        "twx-gridlayout": 1,
        "twx-row": 1,
        "twx-col": 2,
        "twx-text-input": 1
      }
    },
    {
      "timeStamp": 1605212305104,
      "usage": {
        "twx-view": 1,
        "twx-dt-view": 1,
        "twx-dt-target-spatial": 1,
        "twx-dt-model": 1,
        "twx-dt-label": 1,
        "twx-tml-text": 1,
        "twx-overlay": 1,
        "twx-overlay-container": 5,
        "twx-overlay-body": 1,
        "twx-button": 3,
        "twx-gridlayout": 1,
        "twx-row": 1,
        "twx-col": 2,
        "twx-text-input": 1
      }
    },
    {
      "timeStamp": 1605212398805,
      "usage": {
        "twx-view": 1,
        "twx-dt-view": 1,
        "twx-dt-target-spatial": 1,
        "twx-dt-model": 1,
        "twx-dt-label": 1,
        "twx-tml-text": 1,
        "twx-overlay": 1,
        "twx-overlay-container": 5,
        "twx-overlay-body": 1,
        "twx-button": 3,
        "twx-gridlayout": 1,
        "twx-row": 1,
        "twx-col": 2,
        "twx-text-input": 1
      }
    },
    {
      "timeStamp": 1605212446214,
      "usage": {
        "twx-view": 1,
        "twx-dt-view": 1,
        "twx-dt-target-spatial": 1,
        "twx-dt-model": 1,
        "twx-dt-label": 1,
        "twx-tml-text": 1,
        "twx-overlay": 1,
        "twx-overlay-container": 5,
        "twx-overlay-body": 1,
        "twx-button": 3,
        "twx-gridlayout": 1,
        "twx-row": 1,
        "twx-col": 2,
        "twx-text-input": 1
      }
    },
    {
      "timeStamp": 1605212482106,
      "usage": {
        "twx-view": 1,
        "twx-dt-view": 1,
        "twx-dt-target-spatial": 1,
        "twx-dt-model": 1,
        "twx-dt-label": 1,
        "twx-tml-text": 1,
        "twx-overlay": 1,
        "twx-overlay-container": 5,
        "twx-overlay-body": 1,
        "twx-button": 3,
        "twx-gridlayout": 1,
        "twx-row": 1,
        "twx-col": 2,
        "twx-text-input": 1
      }
    },
    {
      "timeStamp": 1605217254749,
      "usage": {
        "twx-view": 1,
        "twx-dt-view": 1,
        "twx-dt-target-spatial": 1,
        "twx-dt-model": 1,
        "twx-dt-label": 1,
        "twx-tml-text": 1,
        "twx-overlay": 1,
        "twx-overlay-container": 5,
        "twx-overlay-body": 1,
        "twx-button": 3,
        "twx-gridlayout": 1,
        "twx-row": 1,
        "twx-col": 2,
        "twx-text-input": 1
      }
    },
    {
      "timeStamp": 1605217439325,
      "usage": {
        "twx-view": 1,
        "twx-dt-view": 1,
        "twx-dt-target-spatial": 1,
        "twx-dt-model": 1,
        "twx-dt-label": 1,
        "twx-tml-text": 1,
        "twx-overlay": 1,
        "twx-overlay-container": 5,
        "twx-overlay-body": 1,
        "twx-button": 3,
        "twx-gridlayout": 1,
        "twx-row": 1,
        "twx-col": 2,
        "twx-text-input": 1
      }
    },
    {
      "timeStamp": 1605217493569,
      "usage": {
        "twx-view": 1,
        "twx-dt-view": 1,
        "twx-dt-target-spatial": 1,
        "twx-dt-model": 1,
        "twx-dt-label": 1,
        "twx-tml-text": 1,
        "twx-overlay": 1,
        "twx-overlay-container": 5,
        "twx-overlay-body": 1,
        "twx-button": 3,
        "twx-gridlayout": 1,
        "twx-row": 1,
        "twx-col": 2,
        "twx-text-input": 1
      }
    },
    {
      "timeStamp": 1605222122379,
      "usage": {
        "twx-view": 1,
        "twx-dt-view": 1,
        "twx-dt-target-spatial": 1,
        "twx-dt-model": 1,
        "twx-dt-label": 1,
        "twx-tml-text": 1,
        "twx-overlay": 1,
        "twx-overlay-container": 5,
        "twx-overlay-body": 1,
        "twx-button": 3,
        "twx-gridlayout": 1,
        "twx-row": 1,
        "twx-col": 2,
        "twx-text-input": 1
      }
    },
    {
      "timeStamp": 1605227516059,
      "usage": {
        "twx-view": 1,
        "twx-dt-view": 1,
        "twx-dt-target-spatial": 1,
        "twx-dt-model": 1,
        "twx-dt-label": 1,
        "twx-tml-text": 1,
        "twx-overlay": 1,
        "twx-overlay-container": 5,
        "twx-overlay-body": 1,
        "twx-button": 3,
        "twx-gridlayout": 1,
        "twx-row": 1,
        "twx-col": 2,
        "twx-text-input": 1
      }
    },
    {
      "timeStamp": 1605228307459,
      "usage": {
        "twx-view": 1,
        "twx-dt-view": 1,
        "twx-dt-target-spatial": 1,
        "twx-dt-model": 1,
        "twx-dt-label": 1,
        "twx-tml-text": 1,
        "twx-overlay": 1,
        "twx-overlay-container": 5,
        "twx-overlay-body": 1,
        "twx-button": 3,
        "twx-gridlayout": 1,
        "twx-row": 1,
        "twx-col": 2,
        "twx-text-input": 1
      }
    },
    {
      "timeStamp": 1605627554839,
      "usage": {
        "twx-view": 1,
        "twx-dt-view": 1,
        "twx-dt-target-spatial": 1,
        "twx-dt-model": 1,
        "twx-dt-label": 1,
        "twx-tml-text": 1,
        "twx-overlay": 1,
        "twx-overlay-container": 5,
        "twx-overlay-body": 1,
        "twx-button": 3,
        "twx-gridlayout": 1,
        "twx-row": 1,
        "twx-col": 2,
        "twx-text-input": 1
      }
    },
    {
      "timeStamp": 1605648621875,
      "usage": {
        "twx-view": 1,
        "twx-dt-view": 1,
        "twx-dt-target-spatial": 1,
        "twx-dt-model": 1,
        "twx-dt-label": 1,
        "twx-tml-text": 1,
        "twx-overlay": 1,
        "twx-overlay-container": 5,
        "twx-overlay-body": 1,
        "twx-button": 3,
        "twx-gridlayout": 1,
        "twx-row": 1,
        "twx-col": 2,
        "twx-text-input": 1
      }
    },
    {
      "timeStamp": 1605648932925,
      "usage": {
        "twx-view": 1,
        "twx-dt-view": 1,
        "twx-dt-target-spatial": 1,
        "twx-dt-model": 1,
        "twx-dt-label": 1,
        "twx-tml-text": 1,
        "twx-overlay": 1,
        "twx-overlay-container": 5,
        "twx-overlay-body": 1,
        "twx-button": 3,
        "twx-gridlayout": 1,
        "twx-row": 1,
        "twx-col": 2,
        "twx-text-input": 1
      }
    },
    {
      "timeStamp": 1605730944696,
      "usage": {
        "twx-view": 1,
        "twx-dt-view": 1,
        "twx-dt-target-spatial": 1,
        "twx-dt-model": 1,
        "twx-dt-label": 1,
        "twx-tml-text": 1,
        "twx-overlay": 1,
        "twx-overlay-container": 5,
        "twx-overlay-body": 1,
        "twx-button": 3,
        "twx-gridlayout": 1,
        "twx-row": 1,
        "twx-col": 2,
        "twx-text-input": 1
      }
    },
    {
      "timeStamp": 1605730972904,
      "usage": {
        "twx-view": 1,
        "twx-dt-view": 1,
        "twx-dt-target-spatial": 1,
        "twx-dt-model": 1,
        "twx-dt-label": 1,
        "twx-tml-text": 1,
        "twx-overlay": 1,
        "twx-overlay-container": 5,
        "twx-overlay-body": 1,
        "twx-button": 3,
        "twx-gridlayout": 1,
        "twx-row": 1,
        "twx-col": 2,
        "twx-text-input": 1
      }
    },
    {
      "timeStamp": 1605730992240,
      "usage": {
        "twx-view": 1,
        "twx-dt-view": 1,
        "twx-dt-target-spatial": 1,
        "twx-dt-model": 1,
        "twx-dt-label": 1,
        "twx-tml-text": 1,
        "twx-overlay": 1,
        "twx-overlay-container": 5,
        "twx-overlay-body": 1,
        "twx-button": 3,
        "twx-gridlayout": 1,
        "twx-row": 1,
        "twx-col": 2,
        "twx-text-input": 1
      }
    },
    {
      "timeStamp": 1605731001452,
      "usage": {
        "twx-view": 1,
        "twx-dt-view": 1,
        "twx-dt-target-spatial": 1,
        "twx-dt-model": 1,
        "twx-dt-label": 1,
        "twx-tml-text": 1,
        "twx-overlay": 1,
        "twx-overlay-container": 5,
        "twx-overlay-body": 1,
        "twx-button": 3,
        "twx-gridlayout": 1,
        "twx-row": 1,
        "twx-col": 2,
        "twx-text-input": 1
      }
    },
    {
      "timeStamp": 1605731003992,
      "usage": {
        "twx-view": 1,
        "twx-dt-view": 1,
        "twx-dt-target-spatial": 1,
        "twx-dt-model": 1,
        "twx-dt-label": 1,
        "twx-tml-text": 1,
        "twx-overlay": 1,
        "twx-overlay-container": 5,
        "twx-overlay-body": 1,
        "twx-button": 3,
        "twx-gridlayout": 1,
        "twx-row": 1,
        "twx-col": 2,
        "twx-text-input": 1
      }
    },
    {
      "timeStamp": 1605731209901,
      "usage": {
        "twx-view": 1,
        "twx-dt-view": 1,
        "twx-dt-target-spatial": 1,
        "twx-dt-model": 1,
        "twx-dt-label": 1,
        "twx-tml-text": 1,
        "twx-overlay": 1,
        "twx-overlay-container": 5,
        "twx-overlay-body": 1,
        "twx-button": 3,
        "twx-gridlayout": 1,
        "twx-row": 1,
        "twx-col": 2,
        "twx-text-input": 1
      }
    },
    {
      "timeStamp": 1605731217597,
      "usage": {
        "twx-view": 1,
        "twx-dt-view": 1,
        "twx-dt-target-spatial": 1,
        "twx-dt-model": 1,
        "twx-dt-label": 1,
        "twx-tml-text": 1,
        "twx-overlay": 1,
        "twx-overlay-container": 5,
        "twx-overlay-body": 1,
        "twx-button": 3,
        "twx-gridlayout": 1,
        "twx-row": 1,
        "twx-col": 2,
        "twx-text-input": 1
      }
    },
    {
      "timeStamp": 1605731219612,
      "usage": {
        "twx-view": 1,
        "twx-dt-view": 1,
        "twx-dt-target-spatial": 1,
        "twx-dt-model": 1,
        "twx-dt-label": 1,
        "twx-tml-text": 1,
        "twx-overlay": 1,
        "twx-overlay-container": 5,
        "twx-overlay-body": 1,
        "twx-button": 3,
        "twx-gridlayout": 1,
        "twx-row": 1,
        "twx-col": 2,
        "twx-text-input": 1
      }
    },
    {
      "timeStamp": 1605732163120,
      "usage": {
        "twx-view": 1,
        "twx-dt-view": 1,
        "twx-dt-target-spatial": 1,
        "twx-dt-model": 1,
        "twx-dt-label": 1,
        "twx-tml-text": 1,
        "twx-overlay": 1,
        "twx-overlay-container": 5,
        "twx-overlay-body": 1,
        "twx-button": 3,
        "twx-gridlayout": 1,
        "twx-row": 1,
        "twx-col": 2,
        "twx-text-input": 1
      }
    },
    {
      "timeStamp": 1605885335902,
      "usage": {
        "twx-view": 1,
        "twx-dt-view": 1,
        "twx-dt-target-spatial": 1,
        "twx-dt-model": 1,
        "twx-dt-label": 1,
        "twx-tml-text": 1,
        "twx-overlay": 1,
        "twx-overlay-container": 5,
        "twx-overlay-body": 1,
        "twx-button": 3,
        "twx-gridlayout": 1,
        "twx-row": 1,
        "twx-col": 2,
        "twx-text-input": 1
      }
    },
    {
      "timeStamp": 1606938727034,
      "usage": {
        "twx-view": 1,
        "twx-dt-view": 1,
        "twx-dt-target-spatial": 1,
        "twx-dt-model": 1,
        "twx-dt-label": 1,
        "twx-tml-text": 1,
        "twx-overlay": 1,
        "twx-overlay-container": 5,
        "twx-overlay-body": 1,
        "twx-button": 3,
        "twx-gridlayout": 1,
        "twx-row": 1,
        "twx-col": 2,
        "twx-text-input": 1
      }
    },
    {
      "timeStamp": 1606945751370,
      "usage": {
        "twx-view": 1,
        "twx-dt-view": 1,
        "twx-dt-target-spatial": 1,
        "twx-dt-model": 1,
        "twx-dt-label": 1,
        "twx-tml-text": 1,
        "twx-overlay": 1,
        "twx-overlay-container": 5,
        "twx-overlay-body": 1,
        "twx-button": 3,
        "twx-gridlayout": 1,
        "twx-row": 1,
        "twx-col": 2,
        "twx-text-input": 1
      }
    },
    {
      "timeStamp": 1606947410258,
      "usage": {
        "twx-view": 1,
        "twx-dt-view": 1,
        "twx-dt-target-spatial": 1,
        "twx-dt-model": 1,
        "twx-dt-label": 1,
        "twx-tml-text": 1,
        "twx-overlay": 1,
        "twx-overlay-container": 5,
        "twx-overlay-body": 1,
        "twx-button": 3,
        "twx-gridlayout": 1,
        "twx-row": 1,
        "twx-col": 2,
        "twx-text-input": 1
      }
    },
    {
      "timeStamp": 1606947438020,
      "usage": {
        "twx-view": 1,
        "twx-dt-view": 1,
        "twx-dt-target-spatial": 1,
        "twx-dt-model": 1,
        "twx-dt-label": 1,
        "twx-tml-text": 1,
        "twx-overlay": 1,
        "twx-overlay-container": 5,
        "twx-overlay-body": 1,
        "twx-button": 3,
        "twx-gridlayout": 1,
        "twx-row": 1,
        "twx-col": 2,
        "twx-text-input": 1
      }
    },
    {
      "timeStamp": 1606947483592,
      "usage": {
        "twx-view": 1,
        "twx-dt-view": 1,
        "twx-dt-target-spatial": 1,
        "twx-dt-model": 1,
        "twx-dt-label": 1,
        "twx-tml-text": 1,
        "twx-overlay": 1,
        "twx-overlay-container": 5,
        "twx-overlay-body": 1,
        "twx-button": 3,
        "twx-gridlayout": 1,
        "twx-row": 1,
        "twx-col": 2,
        "twx-text-input": 1
      }
    },
    {
      "timeStamp": 1606947505850,
      "usage": {
        "twx-view": 1,
        "twx-dt-view": 1,
        "twx-dt-target-spatial": 1,
        "twx-dt-model": 1,
        "twx-dt-label": 1,
        "twx-tml-text": 1,
        "twx-overlay": 1,
        "twx-overlay-container": 5,
        "twx-overlay-body": 1,
        "twx-button": 3,
        "twx-gridlayout": 1,
        "twx-row": 1,
        "twx-col": 2,
        "twx-text-input": 1
      }
    },
    {
      "timeStamp": 1606949715265,
      "usage": {
        "twx-view": 1,
        "twx-dt-view": 1,
        "twx-dt-target-spatial": 1,
        "twx-dt-model": 1,
        "twx-dt-label": 1,
        "twx-tml-text": 1,
        "twx-overlay": 1,
        "twx-overlay-container": 5,
        "twx-overlay-body": 1,
        "twx-button": 3,
        "twx-gridlayout": 1,
        "twx-row": 1,
        "twx-col": 2,
        "twx-text-input": 1
      }
    },
    {
      "timeStamp": 1606949725490,
      "usage": {
        "twx-view": 1,
        "twx-dt-view": 1,
        "twx-dt-target-spatial": 1,
        "twx-dt-model": 1,
        "twx-dt-label": 1,
        "twx-tml-text": 1,
        "twx-overlay": 1,
        "twx-overlay-container": 5,
        "twx-overlay-body": 1,
        "twx-button": 3,
        "twx-gridlayout": 1,
        "twx-row": 1,
        "twx-col": 2,
        "twx-text-input": 1
      }
    },
    {
      "timeStamp": 1606949747504,
      "usage": {
        "twx-view": 1,
        "twx-dt-view": 1,
        "twx-dt-target-spatial": 1,
        "twx-dt-model": 1,
        "twx-dt-label": 1,
        "twx-tml-text": 1,
        "twx-overlay": 1,
        "twx-overlay-container": 5,
        "twx-overlay-body": 1,
        "twx-button": 3,
        "twx-gridlayout": 1,
        "twx-row": 1,
        "twx-col": 2,
        "twx-text-input": 1
      }
    },
    {
      "timeStamp": 1606949792125,
      "usage": {
        "twx-view": 1,
        "twx-dt-view": 1,
        "twx-dt-target-spatial": 1,
        "twx-dt-model": 1,
        "twx-dt-label": 1,
        "twx-tml-text": 1,
        "twx-overlay": 1,
        "twx-overlay-container": 5,
        "twx-overlay-body": 1,
        "twx-button": 3,
        "twx-gridlayout": 1,
        "twx-row": 1,
        "twx-col": 2,
        "twx-text-input": 1
      }
    },
    {
      "timeStamp": 1606949817020,
      "usage": {
        "twx-view": 1,
        "twx-dt-view": 1,
        "twx-dt-target-spatial": 1,
        "twx-dt-model": 1,
        "twx-dt-label": 1,
        "twx-tml-text": 1,
        "twx-overlay": 1,
        "twx-overlay-container": 5,
        "twx-overlay-body": 1,
        "twx-button": 3,
        "twx-gridlayout": 1,
        "twx-row": 1,
        "twx-col": 2,
        "twx-text-input": 1
      }
    },
    {
      "timeStamp": 1606949840102,
      "usage": {
        "twx-view": 1,
        "twx-dt-view": 1,
        "twx-dt-target-spatial": 1,
        "twx-dt-model": 1,
        "twx-dt-label": 1,
        "twx-tml-text": 1,
        "twx-overlay": 1,
        "twx-overlay-container": 5,
        "twx-overlay-body": 1,
        "twx-button": 3,
        "twx-gridlayout": 1,
        "twx-row": 1,
        "twx-col": 2,
        "twx-text-input": 1
      }
    },
    {
      "timeStamp": 1606949892206,
      "usage": {
        "twx-view": 1,
        "twx-dt-view": 1,
        "twx-dt-target-spatial": 1,
        "twx-dt-model": 1,
        "twx-dt-label": 1,
        "twx-tml-text": 1,
        "twx-overlay": 1,
        "twx-overlay-container": 5,
        "twx-overlay-body": 1,
        "twx-button": 3,
        "twx-gridlayout": 1,
        "twx-row": 1,
        "twx-col": 2,
        "twx-text-input": 1
      }
    },
    {
      "timeStamp": 1606949965904,
      "usage": {
        "twx-view": 1,
        "twx-dt-view": 1,
        "twx-dt-target-spatial": 1,
        "twx-dt-model": 1,
        "twx-dt-label": 1,
        "twx-tml-text": 1,
        "twx-overlay": 1,
        "twx-overlay-container": 5,
        "twx-overlay-body": 1,
        "twx-button": 3,
        "twx-gridlayout": 1,
        "twx-row": 1,
        "twx-col": 2,
        "twx-text-input": 1
      }
    },
    {
      "timeStamp": 1606949987532,
      "usage": {
        "twx-view": 1,
        "twx-dt-view": 1,
        "twx-dt-target-spatial": 1,
        "twx-dt-model": 1,
        "twx-dt-label": 1,
        "twx-tml-text": 1,
        "twx-overlay": 1,
        "twx-overlay-container": 5,
        "twx-overlay-body": 1,
        "twx-button": 3,
        "twx-gridlayout": 1,
        "twx-row": 1,
        "twx-col": 2,
        "twx-text-input": 1
      }
    },
    {
      "timeStamp": 1606950006284,
      "usage": {
        "twx-view": 1,
        "twx-dt-view": 1,
        "twx-dt-target-spatial": 1,
        "twx-dt-model": 1,
        "twx-dt-label": 1,
        "twx-tml-text": 1,
        "twx-overlay": 1,
        "twx-overlay-container": 5,
        "twx-overlay-body": 1,
        "twx-button": 3,
        "twx-gridlayout": 1,
        "twx-row": 1,
        "twx-col": 2,
        "twx-text-input": 1
      }
    },
    {
      "timeStamp": 1606950081897,
      "usage": {
        "twx-view": 1,
        "twx-dt-view": 1,
        "twx-dt-target-spatial": 1,
        "twx-dt-model": 1,
        "twx-dt-label": 1,
        "twx-tml-text": 1,
        "twx-overlay": 1,
        "twx-overlay-container": 5,
        "twx-overlay-body": 1,
        "twx-button": 3,
        "twx-gridlayout": 1,
        "twx-row": 1,
        "twx-col": 2,
        "twx-text-input": 1
      }
    },
    {
      "timeStamp": 1606950125903,
      "usage": {
        "twx-view": 1,
        "twx-dt-view": 1,
        "twx-dt-target-spatial": 1,
        "twx-dt-model": 1,
        "twx-dt-label": 1,
        "twx-tml-text": 1,
        "twx-overlay": 1,
        "twx-overlay-container": 5,
        "twx-overlay-body": 1,
        "twx-button": 3,
        "twx-gridlayout": 1,
        "twx-row": 1,
        "twx-col": 2,
        "twx-text-input": 1
      }
    },
    {
      "timeStamp": 1606950140010,
      "usage": {
        "twx-view": 1,
        "twx-dt-view": 1,
        "twx-dt-target-spatial": 1,
        "twx-dt-model": 1,
        "twx-dt-label": 1,
        "twx-tml-text": 1,
        "twx-overlay": 1,
        "twx-overlay-container": 5,
        "twx-overlay-body": 1,
        "twx-button": 3,
        "twx-gridlayout": 1,
        "twx-row": 1,
        "twx-col": 2,
        "twx-text-input": 1
      }
    },
    {
      "timeStamp": 1606950153853,
      "usage": {
        "twx-view": 1,
        "twx-dt-view": 1,
        "twx-dt-target-spatial": 1,
        "twx-dt-model": 1,
        "twx-dt-label": 1,
        "twx-tml-text": 1,
        "twx-overlay": 1,
        "twx-overlay-container": 5,
        "twx-overlay-body": 1,
        "twx-button": 3,
        "twx-gridlayout": 1,
        "twx-row": 1,
        "twx-col": 2,
        "twx-text-input": 1
      }
    },
    {
      "timeStamp": 1606950188891,
      "usage": {
        "twx-view": 1,
        "twx-dt-view": 1,
        "twx-dt-target-spatial": 1,
        "twx-dt-model": 1,
        "twx-dt-label": 1,
        "twx-tml-text": 1,
        "twx-overlay": 1,
        "twx-overlay-container": 5,
        "twx-overlay-body": 1,
        "twx-button": 3,
        "twx-gridlayout": 1,
        "twx-row": 1,
        "twx-col": 2,
        "twx-text-input": 1
      }
    },
    {
      "timeStamp": 1606950282368,
      "usage": {
        "twx-view": 1,
        "twx-dt-view": 1,
        "twx-dt-target-spatial": 1,
        "twx-dt-model": 1,
        "twx-dt-label": 1,
        "twx-tml-text": 1,
        "twx-overlay": 1,
        "twx-overlay-container": 5,
        "twx-overlay-body": 1,
        "twx-button": 3,
        "twx-gridlayout": 1,
        "twx-row": 1,
        "twx-col": 2,
        "twx-text-input": 1
      }
    },
    {
      "timeStamp": 1606950305603,
      "usage": {
        "twx-view": 1,
        "twx-dt-view": 1,
        "twx-dt-target-spatial": 1,
        "twx-dt-model": 1,
        "twx-dt-label": 1,
        "twx-tml-text": 1,
        "twx-overlay": 1,
        "twx-overlay-container": 5,
        "twx-overlay-body": 1,
        "twx-button": 3,
        "twx-gridlayout": 1,
        "twx-row": 1,
        "twx-col": 2,
        "twx-text-input": 1
      }
    },
    {
      "timeStamp": 1606950330767,
      "usage": {
        "twx-view": 1,
        "twx-dt-view": 1,
        "twx-dt-target-spatial": 1,
        "twx-dt-model": 1,
        "twx-dt-label": 1,
        "twx-tml-text": 1,
        "twx-overlay": 1,
        "twx-overlay-container": 5,
        "twx-overlay-body": 1,
        "twx-button": 3,
        "twx-gridlayout": 1,
        "twx-row": 1,
        "twx-col": 2,
        "twx-text-input": 1
      }
    },
    {
      "timeStamp": 1606950367493,
      "usage": {
        "twx-view": 1,
        "twx-dt-view": 1,
        "twx-dt-target-spatial": 1,
        "twx-dt-model": 1,
        "twx-dt-label": 1,
        "twx-tml-text": 1,
        "twx-overlay": 1,
        "twx-overlay-container": 5,
        "twx-overlay-body": 1,
        "twx-button": 3,
        "twx-gridlayout": 1,
        "twx-row": 1,
        "twx-col": 2,
        "twx-text-input": 1
      }
    },
    {
      "timeStamp": 1606950380429,
      "usage": {
        "twx-view": 1,
        "twx-dt-view": 1,
        "twx-dt-target-spatial": 1,
        "twx-dt-model": 1,
        "twx-dt-label": 1,
        "twx-tml-text": 1,
        "twx-overlay": 1,
        "twx-overlay-container": 5,
        "twx-overlay-body": 1,
        "twx-button": 3,
        "twx-gridlayout": 1,
        "twx-row": 1,
        "twx-col": 2,
        "twx-text-input": 1
      }
    },
    {
      "timeStamp": 1606950396857,
      "usage": {
        "twx-view": 1,
        "twx-dt-view": 1,
        "twx-dt-target-spatial": 1,
        "twx-dt-model": 1,
        "twx-dt-label": 1,
        "twx-tml-text": 1,
        "twx-overlay": 1,
        "twx-overlay-container": 5,
        "twx-overlay-body": 1,
        "twx-button": 3,
        "twx-gridlayout": 1,
        "twx-row": 1,
        "twx-col": 2,
        "twx-text-input": 1
      }
    },
    {
      "timeStamp": 1606950429775,
      "usage": {
        "twx-view": 1,
        "twx-dt-view": 1,
        "twx-dt-target-spatial": 1,
        "twx-dt-model": 1,
        "twx-dt-label": 1,
        "twx-tml-text": 1,
        "twx-overlay": 1,
        "twx-overlay-container": 5,
        "twx-overlay-body": 1,
        "twx-button": 3,
        "twx-gridlayout": 1,
        "twx-row": 1,
        "twx-col": 2,
        "twx-text-input": 1
      }
    },
    {
      "timeStamp": 1606950491969,
      "usage": {
        "twx-view": 1,
        "twx-dt-view": 1,
        "twx-dt-target-spatial": 1,
        "twx-dt-model": 1,
        "twx-dt-label": 1,
        "twx-tml-text": 1,
        "twx-overlay": 1,
        "twx-overlay-container": 5,
        "twx-overlay-body": 1,
        "twx-button": 3,
        "twx-gridlayout": 1,
        "twx-row": 1,
        "twx-col": 2,
        "twx-text-input": 1
      }
    },
    {
      "timeStamp": 1606950510583,
      "usage": {
        "twx-view": 1,
        "twx-dt-view": 1,
        "twx-dt-target-spatial": 1,
        "twx-dt-model": 1,
        "twx-dt-label": 1,
        "twx-tml-text": 1,
        "twx-overlay": 1,
        "twx-overlay-container": 5,
        "twx-overlay-body": 1,
        "twx-button": 3,
        "twx-gridlayout": 1,
        "twx-row": 1,
        "twx-col": 2,
        "twx-text-input": 1
      }
    },
    {
      "timeStamp": 1606950524353,
      "usage": {
        "twx-view": 1,
        "twx-dt-view": 1,
        "twx-dt-target-spatial": 1,
        "twx-dt-model": 1,
        "twx-dt-label": 1,
        "twx-tml-text": 1,
        "twx-overlay": 1,
        "twx-overlay-container": 5,
        "twx-overlay-body": 1,
        "twx-button": 3,
        "twx-gridlayout": 1,
        "twx-row": 1,
        "twx-col": 2,
        "twx-text-input": 1
      }
    },
    {
      "timeStamp": 1606951457608,
      "usage": {
        "twx-view": 1,
        "twx-dt-view": 1,
        "twx-dt-target-spatial": 1,
        "twx-dt-model": 1,
        "twx-dt-label": 1,
        "twx-tml-text": 1,
        "twx-overlay": 1,
        "twx-overlay-container": 5,
        "twx-overlay-body": 1,
        "twx-button": 3,
        "twx-gridlayout": 1,
        "twx-row": 1,
        "twx-col": 2,
        "twx-text-input": 1
      }
    },
    {
      "timeStamp": 1606951786922,
      "usage": {
        "twx-view": 1,
        "twx-dt-view": 1,
        "twx-dt-target-spatial": 1,
        "twx-dt-model": 1,
        "twx-dt-label": 1,
        "twx-tml-text": 1,
        "twx-overlay": 1,
        "twx-overlay-container": 5,
        "twx-overlay-body": 1,
        "twx-button": 3,
        "twx-gridlayout": 1,
        "twx-row": 1,
        "twx-col": 2,
        "twx-text-input": 1
      }
    },
    {
      "timeStamp": 1606951825899,
      "usage": {
        "twx-view": 1,
        "twx-dt-view": 1,
        "twx-dt-target-spatial": 1,
        "twx-dt-model": 1,
        "twx-dt-label": 1,
        "twx-tml-text": 1,
        "twx-overlay": 1,
        "twx-overlay-container": 5,
        "twx-overlay-body": 1,
        "twx-button": 3,
        "twx-gridlayout": 1,
        "twx-row": 1,
        "twx-col": 2,
        "twx-text-input": 1
      }
    },
    {
      "timeStamp": 1606953628931,
      "usage": {
        "twx-view": 1,
        "twx-dt-view": 1,
        "twx-dt-target-spatial": 1,
        "twx-dt-model": 1,
        "twx-dt-label": 1,
        "twx-tml-text": 1,
        "twx-overlay": 1,
        "twx-overlay-container": 5,
        "twx-overlay-body": 1,
        "twx-button": 3,
        "twx-gridlayout": 1,
        "twx-row": 1,
        "twx-col": 2,
        "twx-text-input": 1
      }
    },
    {
      "timeStamp": 1606954526327,
      "usage": {
        "twx-view": 1,
        "twx-dt-view": 1,
        "twx-dt-target-spatial": 1,
        "twx-dt-model": 1,
        "twx-dt-label": 1,
        "twx-tml-text": 1,
        "twx-overlay": 1,
        "twx-overlay-container": 5,
        "twx-overlay-body": 1,
        "twx-button": 3,
        "twx-gridlayout": 1,
        "twx-row": 1,
        "twx-col": 2,
        "twx-text-input": 1
      }
    },
    {
      "timeStamp": 1606955202861,
      "usage": {
        "twx-view": 1,
        "twx-dt-view": 1,
        "twx-dt-target-spatial": 1,
        "twx-dt-model": 1,
        "twx-dt-label": 1,
        "twx-tml-text": 1,
        "twx-overlay": 1,
        "twx-overlay-container": 5,
        "twx-overlay-body": 1,
        "twx-button": 3,
        "twx-gridlayout": 1,
        "twx-row": 1,
        "twx-col": 2,
        "twx-text-input": 1
      }
    },
    {
      "timeStamp": 1606955441434,
      "usage": {
        "twx-view": 1,
        "twx-dt-view": 1,
        "twx-dt-target-spatial": 1,
        "twx-dt-model": 1,
        "twx-dt-label": 1,
        "twx-tml-text": 1,
        "twx-overlay": 1,
        "twx-overlay-container": 5,
        "twx-overlay-body": 1,
        "twx-button": 3,
        "twx-gridlayout": 1,
        "twx-row": 1,
        "twx-col": 2,
        "twx-text-input": 1
      }
    },
    {
      "timeStamp": 1606955495020,
      "usage": {
        "twx-view": 1,
        "twx-dt-view": 1,
        "twx-dt-target-spatial": 1,
        "twx-dt-model": 1,
        "twx-dt-label": 1,
        "twx-tml-text": 1,
        "twx-overlay": 1,
        "twx-overlay-container": 5,
        "twx-overlay-body": 1,
        "twx-button": 3,
        "twx-gridlayout": 1,
        "twx-row": 1,
        "twx-col": 2,
        "twx-text-input": 1
      }
    },
    {
      "timeStamp": 1606955563897,
      "usage": {
        "twx-view": 1,
        "twx-dt-view": 1,
        "twx-dt-target-spatial": 1,
        "twx-dt-model": 1,
        "twx-dt-label": 1,
        "twx-tml-text": 1,
        "twx-overlay": 1,
        "twx-overlay-container": 5,
        "twx-overlay-body": 1,
        "twx-button": 3,
        "twx-gridlayout": 1,
        "twx-row": 1,
        "twx-col": 2,
        "twx-text-input": 1
      }
    },
    {
      "timeStamp": 1606955644048,
      "usage": {
        "twx-view": 1,
        "twx-dt-view": 1,
        "twx-dt-target-spatial": 1,
        "twx-dt-model": 1,
        "twx-dt-label": 1,
        "twx-tml-text": 1,
        "twx-overlay": 1,
        "twx-overlay-container": 5,
        "twx-overlay-body": 1,
        "twx-button": 3,
        "twx-gridlayout": 1,
        "twx-row": 1,
        "twx-col": 2,
        "twx-text-input": 1
      }
    },
    {
      "timeStamp": 1606955676759,
      "usage": {
        "twx-view": 1,
        "twx-dt-view": 1,
        "twx-dt-target-spatial": 1,
        "twx-dt-model": 1,
        "twx-dt-label": 1,
        "twx-tml-text": 1,
        "twx-overlay": 1,
        "twx-overlay-container": 5,
        "twx-overlay-body": 1,
        "twx-button": 3,
        "twx-gridlayout": 1,
        "twx-row": 1,
        "twx-col": 2,
        "twx-text-input": 1
      }
    },
    {
      "timeStamp": 1606955846931,
      "usage": {
        "twx-view": 1,
        "twx-dt-view": 1,
        "twx-dt-target-spatial": 1,
        "twx-dt-model": 1,
        "twx-dt-label": 1,
        "twx-tml-text": 1,
        "twx-overlay": 1,
        "twx-overlay-container": 5,
        "twx-overlay-body": 1,
        "twx-button": 3,
        "twx-gridlayout": 1,
        "twx-row": 1,
        "twx-col": 2,
        "twx-text-input": 1
      }
    },
    {
      "timeStamp": 1606956166635,
      "usage": {
        "twx-view": 1,
        "twx-dt-view": 1,
        "twx-dt-target-spatial": 1,
        "twx-dt-model": 1,
        "twx-dt-label": 1,
        "twx-tml-text": 1,
        "twx-overlay": 1,
        "twx-overlay-container": 5,
        "twx-overlay-body": 1,
        "twx-button": 3,
        "twx-gridlayout": 1,
        "twx-row": 1,
        "twx-col": 2,
        "twx-text-input": 1
      }
    },
    {
      "timeStamp": 1606957152912,
      "usage": {
        "twx-view": 1,
        "twx-dt-view": 1,
        "twx-dt-target-spatial": 1,
        "twx-dt-model": 1,
        "twx-dt-label": 1,
        "twx-tml-text": 1,
        "twx-overlay": 1,
        "twx-overlay-container": 5,
        "twx-overlay-body": 1,
        "twx-button": 3,
        "twx-gridlayout": 1,
        "twx-row": 1,
        "twx-col": 2,
        "twx-text-input": 1
      }
    },
    {
      "timeStamp": 1606957809940,
      "usage": {
        "twx-view": 1,
        "twx-dt-view": 1,
        "twx-dt-target-spatial": 1,
        "twx-dt-model": 1,
        "twx-dt-label": 1,
        "twx-tml-text": 1,
        "twx-overlay": 1,
        "twx-overlay-container": 5,
        "twx-overlay-body": 1,
        "twx-button": 3,
        "twx-gridlayout": 1,
        "twx-row": 1,
        "twx-col": 2,
        "twx-text-input": 1
      }
    },
    {
      "timeStamp": 1607004526095,
      "usage": {
        "twx-view": 1,
        "twx-dt-view": 1,
        "twx-dt-target-spatial": 1,
        "twx-dt-model": 1,
        "twx-dt-label": 1,
        "twx-tml-text": 1,
        "twx-overlay": 1,
        "twx-overlay-container": 5,
        "twx-overlay-body": 1,
        "twx-button": 3,
        "twx-gridlayout": 1,
        "twx-row": 1,
        "twx-col": 2,
        "twx-text-input": 1
      }
    },
    {
      "timeStamp": 1607012144856,
      "usage": {
        "twx-view": 1,
        "twx-dt-view": 1,
        "twx-dt-target-spatial": 1,
        "twx-dt-model": 1,
        "twx-dt-label": 1,
        "twx-tml-text": 1,
        "twx-overlay": 1,
        "twx-overlay-container": 5,
        "twx-overlay-body": 1,
        "twx-button": 3,
        "twx-gridlayout": 1,
        "twx-row": 1,
        "twx-col": 2,
        "twx-text-input": 1
      }
    },
    {
      "timeStamp": 1607099475321,
      "usage": {
        "twx-view": 1,
        "twx-dt-view": 1,
        "twx-dt-target-spatial": 1,
        "twx-dt-model": 1,
        "twx-dt-label": 1,
        "twx-tml-text": 1,
        "twx-overlay": 1,
        "twx-overlay-container": 5,
        "twx-overlay-body": 1,
        "twx-button": 3,
        "twx-gridlayout": 1,
        "twx-row": 1,
        "twx-col": 2,
        "twx-text-input": 1
      }
    },
    {
      "timeStamp": 1607347005356,
      "usage": {
        "twx-view": 1,
        "twx-dt-view": 1,
        "twx-dt-target-spatial": 1,
        "twx-dt-model": 1,
        "twx-dt-label": 1,
        "twx-tml-text": 1,
        "twx-overlay": 1,
        "twx-overlay-container": 5,
        "twx-overlay-body": 1,
        "twx-button": 3,
        "twx-gridlayout": 1,
        "twx-row": 1,
        "twx-col": 2,
        "twx-text-input": 1
      }
    },
    {
      "timestamp": "2020-12-08T14:38:13.811Z",
      "action": "SAVE",
      "usage": {
        "twx-view": 1,
        "twx-dt-view": 1,
        "twx-dt-target-spatial": 1,
        "twx-dt-model": 1,
        "twx-dt-label": 1,
        "twx-tml-text": 1,
        "twx-overlay": 1,
        "twx-overlay-container": 5,
        "twx-overlay-body": 1,
        "twx-button": 3,
        "twx-gridlayout": 1,
        "twx-row": 1,
        "twx-col": 2,
        "twx-text-input": 1
      }
    },
    {
      "timestamp": "2020-12-09T13:50:21.996Z",
      "action": "SAVE",
      "usage": {
        "twx-view": 1,
        "twx-dt-view": 1,
        "twx-dt-target-spatial": 1,
        "twx-dt-model": 1,
        "twx-dt-label": 1,
        "twx-tml-text": 1,
        "twx-overlay": 1,
        "twx-overlay-container": 5,
        "twx-overlay-body": 1,
        "twx-button": 3,
        "twx-gridlayout": 1,
        "twx-row": 1,
        "twx-col": 2,
        "twx-text-input": 1
      }
    },
    {
      "timestamp": "2020-12-14T12:44:44.514Z",
      "action": "SAVE",
      "usage": {
        "twx-view": 1,
        "twx-dt-view": 1,
        "twx-dt-target-spatial": 1,
        "twx-dt-model": 1,
        "twx-dt-label": 1,
        "twx-tml-text": 1,
        "twx-overlay": 1,
        "twx-overlay-container": 5,
        "twx-overlay-body": 1,
        "twx-button": 3,
        "twx-gridlayout": 1,
        "twx-row": 1,
        "twx-col": 2,
        "twx-text-input": 1
      }
    },
    {
      "timestamp": "2020-12-14T12:45:06.624Z",
      "action": "SAVE",
      "usage": {
        "twx-view": 1,
        "twx-dt-view": 1,
        "twx-dt-target-spatial": 1,
        "twx-dt-model": 1,
        "twx-dt-label": 1,
        "twx-tml-text": 1,
        "twx-overlay": 1,
        "twx-overlay-container": 5,
        "twx-overlay-body": 1,
        "twx-button": 3,
        "twx-gridlayout": 1,
        "twx-row": 1,
        "twx-col": 2,
        "twx-text-input": 1
      }
    },
    {
      "timestamp": "2020-12-14T12:45:52.829Z",
      "action": "SAVE",
      "usage": {
        "twx-view": 1,
        "twx-dt-view": 1,
        "twx-dt-target-spatial": 1,
        "twx-dt-model": 1,
        "twx-dt-label": 1,
        "twx-tml-text": 1,
        "twx-overlay": 1,
        "twx-overlay-container": 5,
        "twx-overlay-body": 1,
        "twx-button": 2
      }
    },
    {
      "timestamp": "2020-12-14T12:45:54.392Z",
      "action": "SAVE",
      "usage": {
        "twx-view": 1,
        "twx-dt-view": 1,
        "twx-dt-target-spatial": 1,
        "twx-dt-model": 1,
        "twx-dt-label": 1,
        "twx-tml-text": 1,
        "twx-overlay": 1,
        "twx-overlay-container": 5,
        "twx-overlay-body": 1,
        "twx-button": 2
      }
    },
    {
      "timestamp": "2020-12-14T12:46:07.082Z",
      "action": "SAVE",
      "usage": {
        "twx-view": 1,
        "twx-dt-view": 1,
        "twx-dt-target-spatial": 1,
        "twx-dt-model": 1,
        "twx-dt-label": 1,
        "twx-tml-text": 1,
        "twx-overlay": 1,
        "twx-overlay-container": 5,
        "twx-overlay-body": 1,
        "twx-button": 2
      }
    }
  ]
}
