{"/":{"":{"ill_source_language_publish_name":"English","illustration_source_language":"en"},"__PV_SystemProperties":{"Child Count":"23","Component Name":"Illustration","Display Name":"Illustration","Model Extents (mm)":"352.083","OL File Name":"","Part Depth":"1","Part ID Path":"/","Part Name":"Illustration","Part Path":"Illustration"}},"/0":{"":{"Adapter_name":"proepview","Adapter_platform":"x86e_win64","Adapter_version":"parametric4_C000 Creo 4.0 - F000 (14.0.0.12)","Source_file_name":"quadcopter-animal-asm.asm.23","Structure_has_assembly_features":"0"},"PROE Parameters":{"COST":"0.000000","DESCRIPTION":"TBA","DRAWN_BY":"Paul Sagar","MATERIAL":"TBA","VENDOR":"TBA"},"__PV_SystemProperties":{"Child Count":"22","Component Name":"QUADCOPTER-ANIMAL-ASM.ASM","Display Name":"QUADCOPTER-ANIMAL-ASM.ASM","Model Extents (mm)":"352.083","OL File Name":"","Part Depth":"2","Part ID":"0","Part ID Path":"/0","Part Name":"QUADCOPTER-ANIMAL-ASM.ASM","Part Path":"Illustration/QUADCOPTER-ANIMAL-ASM.ASM"}},"/0/16":{"":{"Illustration":"fig5-all-lift"},"__PV_SystemProperties":{"Child Count":"5","Component Name":"body","Display Name":"body","Model Extents (mm)":"245.943","OL File Name":"","Part Depth":"3","Part ID":"16","Part ID Path":"/0/16","Part Name":"body","Part Path":"Illustration/QUADCOPTER-ANIMAL-ASM.ASM/body"}},"/0/16/0":{"":{"Feature_Id":"32","Illustration":"","Source_file_name":"quadcopter-top.prt.15","partNumber":"qc-top-1111"},"PROE Parameters":{"DESCRIPTION":"","MODELED_BY":""},"__PV_SystemProperties":{"Child Count":"0","Component Name":"QUADCOPTER-TOP.PRT","Display Name":"QUADCOPTER-TOP.PRT","Model Extents (mm)":"245.943","OL File Name":"l-Creo 3D_0_quadcopter-animal-asm_4.ol","Part Depth":"4","Part ID":"0","Part ID Path":"/0/16/0","Part Name":"QUADCOPTER-TOP.PRT","Part Path":"Illustration/QUADCOPTER-ANIMAL-ASM.ASM/body/QUADCOPTER-TOP.PRT"}},"/0/16/1":{"":{"Feature_Id":"33","Illustration":"","Source_file_name":"quadcopter-bottom.prt.13","partNumber":"qc-base-1111"},"PROE Parameters":{"DESCRIPTION":"","MODELED_BY":""},"__PV_SystemProperties":{"Child Count":"0","Component Name":"QUADCOPTER-BOTTOM.PRT","Display Name":"QUADCOPTER-BOTTOM.PRT","Model Extents (mm)":"245.942","OL File Name":"l-Creo 3D_0_quadcopter-animal-asm_5.ol","Part Depth":"4","Part ID":"1","Part ID Path":"/0/16/1","Part Name":"QUADCOPTER-BOTTOM.PRT","Part Path":"Illustration/QUADCOPTER-ANIMAL-ASM.ASM/body/QUADCOPTER-BOTTOM.PRT"}},"/0/16/2":{"":{"Feature_Id":"449","Illustration":"","Source_file_name":"iso14580-m2_5x10-4_8.prt.1","partNumber":"bolt_4321"},"PROE Component Parameters":{"BUW_CONNECTIONTYPE":"2","BUW_ID":"101716_095840_1","BUW_ID_GROUP":"101716_095840_1","BUW_NUT_BESTBEZ":"ISO4034-M2_5-14H","BUW_NUT_IDAXIS":"92","BUW_NUT_IDSURF":"9","BUW_NUT_KBEZ":"ISO4035-14H","BUW_NUT_SUBINFO":"","BUW_NUT_TYPE":"2","BUW_SCREW_BESTBEZ":"ISO14580-M2_5x10-4_8","BUW_SCREW_DN":"2.500000","BUW_SCREW_IDAXIS":"71","BUW_SCREW_IDSURF":"28","BUW_SCREW_KBEZ":"ISO14580-4_8","BUW_SCREW_LG":"10.000000","BUW_SCREW_SELSTRING":"M2.5","BUW_SCREW_SEL_AXIS":"1_32_AXIS_15410","BUW_SCREW_SEL_PLATE1_BOTTOM":"1_32_SURFACE_15398","BUW_SCREW_SEL_PLATE1_TOP":"1_32_SURFACE_15428","BUW_SCREW_SEL_PLATE2_TOP":"1_36_SURFACE_87","BUW_SCREW_SUBINFO":"","BUW_SCREW_THREAD":"0.450000","BUW_SCREW_TYPE":"1","BUW_SCREW_UNIT":"MM","BUW_SUPPLIER":"mm","BUW_THRUHOLEDIAMETER":"2.700000","BUW_TOLERANCE":"0","BUW_TYPE":"SCREW","BUW_WITH_INSERT":"0","BUW_WITH_MULTIREF":"0","BUW_WITH_NUT":"0","BUW_WITH_NUTCB":"0","BUW_WITH_NUTSPRINGWASHER":"0","BUW_WITH_NUTWASHER":"0","BUW_WITH_NUT_IN_SUBASM":"0","BUW_WITH_SCREW":"1","BUW_WITH_SCREWCB":"0","BUW_WITH_SCREWSPRINGWASHER":"0","BUW_WITH_SCREWWASHER":"0"},"PROE Parameters":{"BUW_NAME":"Head Cap Screw","BUW_SIZE":"M2.5 x 10 - 4.8","BUW_TYPE":"ISO 14580","DESIGNATION":"ISO 14580 M2.5 x 10 - 4.8","NAMING":"Head Cap Screw","PTC_MATERIAL_NAME":"8_8"},"__PV_SystemProperties":{"Child Count":"0","Component Name":"ISO14580-M2_5X10-4_8.PRT","Display Name":"ISO14580-M2_5X10-4_8.PRT","Model Extents (mm)":"11.85","OL File Name":"l-Creo 3D_0_quadcopter-animal-asm_10.ol","Part Depth":"4","Part ID":"2","Part ID Path":"/0/16/2","Part Name":"ISO14580-M2_5X10-4_8.PRT","Part Path":"Illustration/QUADCOPTER-ANIMAL-ASM.ASM/body/ISO14580-M2_5X10-4_8.PRT"}},"/0/16/3":{"":{"Feature_Id":"452","Illustration":"","Source_file_name":"iso14580-m2_5x10-4_8.prt.1","partNumber":"bolt_4321"},"PROE Parameters":{"BUW_NAME":"Head Cap Screw","BUW_SIZE":"M2.5 x 10 - 4.8","BUW_TYPE":"ISO 14580","DESIGNATION":"ISO 14580 M2.5 x 10 - 4.8","NAMING":"Head Cap Screw","PTC_MATERIAL_NAME":"8_8"},"__PV_SystemProperties":{"Child Count":"0","Component Name":"ISO14580-M2_5X10-4_8.PRT","Display Name":"ISO14580-M2_5X10-4_8.PRT","Model Extents (mm)":"12.4082","OL File Name":"l-Creo 3D_0_quadcopter-animal-asm_10.ol","Part Depth":"4","Part ID":"3","Part ID Path":"/0/16/3","Part Name":"ISO14580-M2_5X10-4_8.PRT","Part Path":"Illustration/QUADCOPTER-ANIMAL-ASM.ASM/body/ISO14580-M2_5X10-4_8.PRT"}},"/0/16/4":{"":{"Feature_Id":"230","Illustration":"fig6-battery","Source_file_name":"quadcopter-battery-cover.prt.6","partNumber":"qc-cover-1111"},"PROE Parameters":{"DESCRIPTION":"","MODELED_BY":""},"__PV_SystemProperties":{"Child Count":"0","Component Name":"QUADCOPTER-BATTERY-COVER.PRT","Display Name":"QUADCOPTER-BATTERY-COVER.PRT","Model Extents (mm)":"41.4856","OL File Name":"l-Creo 3D_0_quadcopter-animal-asm_7.ol","Part Depth":"4","Part ID":"4","Part ID Path":"/0/16/4","Part Name":"QUADCOPTER-BATTERY-COVER.PRT","Part Path":"Illustration/QUADCOPTER-ANIMAL-ASM.ASM/body/QUADCOPTER-BATTERY-COVER.PRT"}},"/0/18":{"":{"Illustration":"fig5-all-lift","partNumber":"flightpack-0000"},"__PV_SystemProperties":{"Child Count":"15","Component Name":"lift","Display Name":"lift","Model Extents (mm)":"352.083","OL File Name":"","Part Depth":"3","Part ID":"18","Part ID Path":"/0/18","Part Name":"lift","Part Path":"Illustration/QUADCOPTER-ANIMAL-ASM.ASM/lift"}},"/0/18/0":{"":{"Illustration":"fig1-rotorFL","partNumber":"liftpack-2222"},"__PV_SystemProperties":{"Child Count":"2","Component Name":"frontleft","Display Name":"frontleft","Model Extents (mm)":"139.951","OL File Name":"","Part Depth":"4","Part ID":"0","Part ID Path":"/0/18/0","Part Name":"frontleft","Part Path":"Illustration/QUADCOPTER-ANIMAL-ASM.ASM/lift/frontleft"}},"/0/18/0/0":{"":{"Feature_Id":"21","Illustration":"fig1-rotorFL","Source_file_name":"rotor.prt","partNumber":"rotor_1234"},"PROE Parameters":{"DESCRIPTION":"","MODELED_BY":""},"__PV_SystemProperties":{"Child Count":"0","Component Name":"ROTOR.PRT","Display Name":"ROTOR.PRT","Model Extents (mm)":"139.951","OL File Name":"l-Creo 3D_0_quadcopter-animal-asm_3.ol","Part Depth":"5","Part ID":"0","Part ID Path":"/0/18/0/0","Part Name":"ROTOR.PRT","Part Path":"Illustration/QUADCOPTER-ANIMAL-ASM.ASM/lift/frontleft/ROTOR.PRT"}},"/0/18/0/1":{"":{"Feature_Id":"251","Illustration":"fig1-rotorFL","Source_file_name":"motor.prt","partNumber":"motor_5678"},"PROE Parameters":{"DESCRIPTION":"","MODELED_BY":""},"__PV_SystemProperties":{"Child Count":"0","Component Name":"MOTOR.PRT","Display Name":"MOTOR.PRT","Model Extents (mm)":"40","OL File Name":"l-Creo 3D_0_quadcopter-animal-asm_8.ol","Part Depth":"5","Part ID":"1","Part ID Path":"/0/18/0/1","Part Name":"MOTOR.PRT","Part Path":"Illustration/QUADCOPTER-ANIMAL-ASM.ASM/lift/frontleft/MOTOR.PRT"}},"/0/18/1":{"":{"Illustration":"fig2-rotorFR","partNumber":"liftpack-2222"},"__PV_SystemProperties":{"Child Count":"2","Component Name":"frontright","Display Name":"frontright","Model Extents (mm)":"139.951","OL File Name":"","Part Depth":"4","Part ID":"1","Part ID Path":"/0/18/1","Part Name":"frontright","Part Path":"Illustration/QUADCOPTER-ANIMAL-ASM.ASM/lift/frontright"}},"/0/18/1/0":{"":{"Feature_Id":"29","Illustration":"fig2-rotorFR","Source_file_name":"rotor.prt","partNumber":"rotor_1234"},"PROE Parameters":{"DESCRIPTION":"","MODELED_BY":""},"__PV_SystemProperties":{"Child Count":"0","Component Name":"ROTOR.PRT","Display Name":"ROTOR.PRT","Model Extents (mm)":"139.951","OL File Name":"l-Creo 3D_0_quadcopter-animal-asm_3.ol","Part Depth":"5","Part ID":"0","Part ID Path":"/0/18/1/0","Part Name":"ROTOR.PRT","Part Path":"Illustration/QUADCOPTER-ANIMAL-ASM.ASM/lift/frontright/ROTOR.PRT"}},"/0/18/1/1":{"":{"Feature_Id":"274","Illustration":"fig2-rotorFR","Source_file_name":"motor.prt","partNumber":"motor_5678"},"PROE Parameters":{"DESCRIPTION":"","MODELED_BY":""},"__PV_SystemProperties":{"Child Count":"0","Component Name":"MOTOR.PRT","Display Name":"MOTOR.PRT","Model Extents (mm)":"40","OL File Name":"l-Creo 3D_0_quadcopter-animal-asm_8.ol","Part Depth":"5","Part ID":"1","Part ID Path":"/0/18/1/1","Part Name":"MOTOR.PRT","Part Path":"Illustration/QUADCOPTER-ANIMAL-ASM.ASM/lift/frontright/MOTOR.PRT"}},"/0/18/2":{"":{"Illustration":"fig3-rotorRL","partNumber":"liftpack-2222"},"__PV_SystemProperties":{"Child Count":"2","Component Name":"backleft","Display Name":"backleft","Model Extents (mm)":"139.951","OL File Name":"","Part Depth":"4","Part ID":"2","Part ID Path":"/0/18/2","Part Name":"backleft","Part Path":"Illustration/QUADCOPTER-ANIMAL-ASM.ASM/lift/backleft"}},"/0/18/2/0":{"":{"Feature_Id":"31","Illustration":"fig3-rotorRL","Source_file_name":"rotor.prt","partNumber":"rotor_1234"},"PROE Parameters":{"DESCRIPTION":"","MODELED_BY":""},"__PV_SystemProperties":{"Child Count":"0","Component Name":"ROTOR.PRT","Display Name":"ROTOR.PRT","Model Extents (mm)":"139.951","OL File Name":"l-Creo 3D_0_quadcopter-animal-asm_3.ol","Part Depth":"5","Part ID":"0","Part ID Path":"/0/18/2/0","Part Name":"ROTOR.PRT","Part Path":"Illustration/QUADCOPTER-ANIMAL-ASM.ASM/lift/backleft/ROTOR.PRT"}},"/0/18/2/1":{"":{"Feature_Id":"276","Illustration":"fig3-rotorRL","Source_file_name":"motor.prt","partNumber":"motor_5678"},"PROE Parameters":{"DESCRIPTION":"","MODELED_BY":""},"__PV_SystemProperties":{"Child Count":"0","Component Name":"MOTOR.PRT","Display Name":"MOTOR.PRT","Model Extents (mm)":"40","OL File Name":"l-Creo 3D_0_quadcopter-animal-asm_8.ol","Part Depth":"5","Part ID":"1","Part ID Path":"/0/18/2/1","Part Name":"MOTOR.PRT","Part Path":"Illustration/QUADCOPTER-ANIMAL-ASM.ASM/lift/backleft/MOTOR.PRT"}},"/0/18/3":{"":{"Illustration":"fig4-rotorRR","partNumber":"liftpack-2222"},"__PV_SystemProperties":{"Child Count":"2","Component Name":"backright","Display Name":"backright","Model Extents (mm)":"139.951","OL File Name":"","Part Depth":"4","Part ID":"3","Part ID Path":"/0/18/3","Part Name":"backright","Part Path":"Illustration/QUADCOPTER-ANIMAL-ASM.ASM/lift/backright"}},"/0/18/3/0":{"":{"Feature_Id":"30","Illustration":"fig4-rotorRR","Source_file_name":"rotor.prt","partNumber":"rotor_1234"},"PROE Parameters":{"DESCRIPTION":"","MODELED_BY":""},"__PV_SystemProperties":{"Child Count":"0","Component Name":"ROTOR.PRT","Display Name":"ROTOR.PRT","Model Extents (mm)":"139.951","OL File Name":"l-Creo 3D_0_quadcopter-animal-asm_3.ol","Part Depth":"5","Part ID":"0","Part ID Path":"/0/18/3/0","Part Name":"ROTOR.PRT","Part Path":"Illustration/QUADCOPTER-ANIMAL-ASM.ASM/lift/backright/ROTOR.PRT"}},"/0/18/3/1":{"":{"Feature_Id":"275","Illustration":"fig4-rotorRR","Source_file_name":"motor.prt","partNumber":"motor_5678"},"PROE Parameters":{"DESCRIPTION":"","MODELED_BY":""},"__PV_SystemProperties":{"Child Count":"0","Component Name":"MOTOR.PRT","Display Name":"MOTOR.PRT","Model Extents (mm)":"40","OL File Name":"l-Creo 3D_0_quadcopter-animal-asm_8.ol","Part Depth":"5","Part ID":"1","Part ID Path":"/0/18/3/1","Part Name":"MOTOR.PRT","Part Path":"Illustration/QUADCOPTER-ANIMAL-ASM.ASM/lift/backright/MOTOR.PRT"}},"/0/18/4":{"":{"Illustration":"fig5-all-lift","partNumber":"electonicspack-3333","sBOM_Type":"full_weld"},"__PV_SystemProperties":{"Child Count":"2","Component Name":"electronics","Display Name":"electronics","Model Extents (mm)":"114","OL File Name":"","Part Depth":"4","Part ID":"4","Part ID Path":"/0/18/4","Part Name":"electronics","Part Path":"Illustration/QUADCOPTER-ANIMAL-ASM.ASM/lift/electronics"}},"/0/18/4/0":{"":{"Feature_Id":"36","Illustration":"fig5-all-lift","Source_file_name":"quadcopter-pcb.prt.4","partNumber":"pcb_1357","sBOM_Welded":"true"},"PROE Parameters":{"DESCRIPTION":"","MODELED_BY":""},"__PV_SystemProperties":{"Child Count":"0","Component Name":"QUADCOPTER-PCB.PRT","Display Name":"QUADCOPTER-PCB.PRT","Model Extents (mm)":"114","OL File Name":"l-Creo 3D_0_quadcopter-animal-asm_6.ol","Part Depth":"5","Part ID":"0","Part ID Path":"/0/18/4/0","Part Name":"QUADCOPTER-PCB.PRT","Part Path":"Illustration/QUADCOPTER-ANIMAL-ASM.ASM/lift/electronics/QUADCOPTER-PCB.PRT"}},"/0/18/4/2":{"":{"Feature_Id":"310","Illustration":"fig6-battery","Source_file_name":"lithium-battery.prt.1","partNumber":"battery_2468","sBOM_Welded":"true"},"PROE Parameters":{"DESCRIPTION":"","MODELED_BY":""},"__PV_SystemProperties":{"Child Count":"0","Component Name":"LITHIUM-BATTERY.PRT","Display Name":"LITHIUM-BATTERY.PRT","Model Extents (mm)":"65.6099","OL File Name":"l-Creo 3D_0_quadcopter-animal-asm_9.ol","Part Depth":"5","Part ID":"2","Part ID Path":"/0/18/4/2","Part Name":"LITHIUM-BATTERY.PRT","Part Path":"Illustration/QUADCOPTER-ANIMAL-ASM.ASM/lift/electronics/LITHIUM-BATTERY.PRT"}}}
